area_id,weight,volume,fat,saturate,salt,sugar,protein,carb,fibre,alcohol,energy_fat,energy_saturate,energy_sugar,energy_protein,energy_carb,energy_fibre,energy_alcohol,energy_tot,f_energy_fat,f_energy_saturate,f_energy_sugar,f_energy_protein,f_energy_carb,f_energy_fibre,f_energy_alcohol,energy_density,h_nutrients_weight,h_nutrients_weight_norm,h_nutrients_calories,h_nutrients_calories_norm,f_beer,f_dairy,f_eggs,f_fats_oils,f_fish,f_fruit_veg,f_grains,f_meat_red,f_poultry,f_readymade,f_sauces,f_soft_drinks,f_spirits,f_sweets,f_tea_coffee,f_water,f_wine,f_dairy_weight,f_eggs_weight,f_fats_oils_weight,f_fish_weight,f_fruit_veg_weight,f_grains_weight,f_meat_red_weight,f_poultry_weight,f_readymade_weight,f_sauces_weight,f_sweets_weight,h_items,h_items_norm,h_items_weight,h_items_weight_norm,representativeness_norm,transaction_days,num_transactions,man_day,population,male,female,age_0_17,age_18_64,age_65+,avg_age,area_sq_km,people_per_sq_km,mes,Local Authority
E09000001,319.20937207388783,95.87061779986358,8.451953788845923,3.3037747026336253,0.5139355106078659,9.035216281872447,5.242658580914721,15.686815785211682,1.6103469435496014,0.352222179913991,76.0675840996149,29.733972323684625,36.14086512748979,20.970634323658885,62.74726314084673,3.048096669125868,2.4655552593979646,165.29913349266226,0.460181384453486,0.1798797833686438,0.2186391686626361,0.126864756520879,0.3795982581096357,0.0184398829244992,0.0149157179913917,0.5178392238884523,1.733962242238703,0.7467768903165877,1.620358881106635,0.6978505857586599,0.0317815335221226,0.1193521040385274,0.0114716545516855,0.0240255406648509,0.0213379989538428,0.3246694684439314,0.1266752042712072,0.0460309157482729,0.0185963456647607,0.0505221767284139,0.0090546707310474,0.0204902508973503,0.0027055789036994,0.138760123374398,0.0040403311628578,0.0243862845186775,0.0260998178243538,0.0859437990512559,0.0291772221722511,0.0227361082171482,0.0192778585684642,0.3868881609694801,0.1906017944152479,0.0561076230952707,0.0455738166474835,0.0612188197479431,0.0124247141973492,0.0900500829181055,3.174124668742169,0.7765513209586062,2.747175256750765,0.7941117384574589,1.0,31,74417.0,8866,6687.0,3697.0,2990.0,1018.0,4349.0,1320.0,43.9101241205279,2.9,2305.8620689655168,May,City of London
E09000002,424.0073989837682,122.9354402983184,9.02150216564575,3.476501720766954,0.580452797362199,10.34494406699966,5.1675050092710935,19.563475241918862,1.6931816256727212,0.1803791653824698,81.19351949077601,31.28851548695593,41.37977626799864,20.67002003708437,78.25390096767546,3.1676259791652672,1.2626541576772643,184.5477206323175,0.4399594815507985,0.1695415981283963,0.2242226353499178,0.112003659358471,0.4240307097782265,0.0171642649842111,0.0068418843286225,0.4352464628556689,1.6281555079482786,0.7012084101714016,1.5496172161872013,0.6673838089987769,0.0114078781632886,0.0966413317302187,0.0113112618802244,0.0322197412114966,0.020597160196954,0.2552137009046147,0.1613491927172793,0.0487089201877934,0.020611473720371,0.0575332073743272,0.0134940742013053,0.0358410626359784,0.0026587369746936,0.1740989637009046,0.0098763311576777,0.0412909366769724,0.0071460265658994,0.0572092855472363,0.0302154298636258,0.029434956625964,0.0188936682755684,0.3381455787304289,0.2571934002617739,0.0545869905482314,0.0505547176365614,0.0490021853031363,0.0151242677762779,0.0996395194311951,3.264220551805064,0.7985933275925635,2.7622764712059538,0.7984769683911371,0.138670686676181,31,416277.0,33998,203101.0,99442.0,103659.0,60281.0,123180.0,19640.0,33.01732143080059,36.09000000000001,5627.625380991963,May,Barking and Dagenham
E09000003,403.5771935280412,113.45032633731437,8.47061672438456,3.3190829966880298,0.5486849192546683,9.267498322511909,5.100192020556194,16.70310114452101,1.6724414958064844,0.2187120740441684,76.23555051929512,29.871746971054694,37.069993290047634,20.400768082224776,66.81240457808404,3.1580918264154203,1.5309845183093984,168.13779952390888,0.453411135004503,0.177662292807674,0.220473881512743,0.1213336212320527,0.3973669500092597,0.018782759351899,0.0091055344047826,0.416618684653761,1.6898896461413369,0.7277958563240151,1.585115406660588,0.6826720474896888,0.0122875873846909,0.106336433284032,0.0127126314918426,0.0323411966022454,0.0240950585021671,0.3338556245197072,0.1318944342945355,0.0502916141480661,0.0203097653671802,0.0453272119450667,0.0132458429697845,0.0243317275797706,0.0025381205255635,0.1389292672945646,0.0068204752077844,0.030270483383882,0.0144125254991161,0.0652685280957028,0.0281379205050648,0.0288043845233901,0.0220904036851442,0.4060705897262185,0.1934922412940024,0.0573413187725263,0.0504107891563696,0.0475575437386387,0.0135799945901289,0.0872462859128134,3.159315538651757,0.7729282592536872,2.7113094877615995,0.7837442061738481,0.8102178030004383,31,5189087.0,359498,378778.0,186357.0,192421.0,88754.0,237036.0,52988.0,37.195581580614814,86.76000000000003,4365.813739050253,May,Barnet
E09000004,361.6614491080082,105.88673570463278,9.07818879504234,3.359170761862816,0.5743078012681436,10.483760696261012,5.281271920415287,19.465918370804875,1.656133594552647,0.1886236703214853,81.70369915538609,30.232536856785284,41.93504278504405,21.125087681661142,77.8636734832195,3.065422712541704,1.3203656922503382,185.0782487250471,0.4414548966084362,0.163350026624138,0.2265800712613339,0.1141413852096939,0.4207067768341274,0.0165628469777434,0.0071340943700622,0.5117444758945665,1.6329179178484847,0.703259468475357,1.5525245473057818,0.6686359283581068,0.01263015811801,0.0984437739615707,0.0096470134525078,0.0267405458133889,0.0166568362786688,0.2636566774800935,0.1672716136203806,0.047049749325106,0.0209614119461899,0.0750833692520587,0.0120233207050656,0.0308125949955763,0.0025294344502166,0.1663074794128989,0.005779133867199,0.0325537079467344,0.0118531793743336,0.0646185880669483,0.025445602479878,0.0274018598976428,0.0160579220124209,0.3443397511045225,0.2382320679785897,0.056765539961875,0.0500118090222168,0.0588331053346892,0.0143505193407684,0.103943234800448,3.2183132876760943,0.7873620905362467,2.7696146770532404,0.8005981855898678,0.0742733221698073,31,253791.0,32422,242387.0,116814.0,125573.0,56028.0,146237.0,40122.0,38.88074855496173,60.58000000000001,4001.105975569495,May,Bexley
E09000005,440.2751833017776,127.48975638843444,8.935418003572282,3.5001588647052784,0.5563620486116129,9.801772599705288,5.096463015594948,18.36582082224017,1.5833333394495792,0.1914474757734341,80.41876203241405,31.501429782286834,39.20709039882114,20.38585206237979,73.46328328896068,2.9524877499335105,1.3401323304148445,178.56051746431305,0.4503725861372824,0.176418786356747,0.2195731226342186,0.1141677474498475,0.4114195250562207,0.0165349417209411,0.007505199634531,0.4055657103478448,1.6441453912565296,0.7080948780785944,1.553715611237528,0.6691488916726767,0.011330386908637,0.1140224593228791,0.0131538864062381,0.0348190749471191,0.0196820023240559,0.2794904519625498,0.1560421769476252,0.0456710158777733,0.021150505961228,0.0457035674013074,0.0128277569912074,0.0301789473942812,0.0026870361407896,0.1576384299601766,0.0054361044302009,0.039128773827101,0.0110374231968298,0.0604671406564444,0.0294405816749853,0.0293710303152231,0.0172065929138728,0.3387553546147968,0.2758344076166817,0.0483298942849768,0.0539160515184856,0.0413242893964983,0.0128872895781072,0.0924673674299277,3.221234127367372,0.7880766755501581,2.713269842668458,0.7843108758245206,0.532537227350116,31,2348589.0,221564,323443.0,163939.0,159504.0,75033.0,211885.0,36525.0,35.76641633883278,43.28000000000002,7473.267097966725,May,Brent
E09000006,314.5886467036508,100.08864433149336,9.0219106770681,3.4711689412097013,0.5583970077142281,10.999838701652637,5.2113797872915,19.00152492089861,1.6299798667911491,0.2727497750768419,81.19719609355177,31.24052047095868,43.99935480661055,20.845519149166,76.00609968359444,3.02102579183603,1.9092484255379745,182.9790891436716,0.4437512312119847,0.1707327357304158,0.2404611095864791,0.1139229583375972,0.4153813424216794,0.0165102242336772,0.0104342437951413,0.5816455586079741,1.6515119584589208,0.7112674858861365,1.5700995118444292,0.6762050535938734,0.0214987794743949,0.0962300041549808,0.0081151968422146,0.0233652747481042,0.0155487171496831,0.2539926768463696,0.1639886517087358,0.043133894255739,0.0182332242650877,0.0728906980367715,0.0119747844603718,0.0341097953671964,0.0027624130050898,0.1791738080398878,0.0048399033966967,0.0297762802534538,0.0203658979952217,0.0624735730487924,0.0208044675791072,0.0263691773331353,0.0173362569597622,0.3480804720353145,0.2197495648497242,0.0571967065541123,0.0487308722796846,0.0701719307915547,0.0158536470428862,0.1132333315259258,3.239955688376402,0.7926569156003168,2.7843621920784227,0.8048611734592427,0.1445879406722825,31,428931.0,63163,325303.0,156274.0,169029.0,72176.0,196323.0,56804.0,39.85342895685855,150.1400000000001,2166.664446516584,May,Bromley
E09000007,341.7660514591656,100.57613254666,8.678903367881555,3.3974488499667026,0.5294819590858822,9.187662060511906,5.2069832092033135,16.018035521991862,1.637697369405355,0.2674468508756037,78.11013031091574,30.57703964967477,36.750648242047625,20.82793283681325,64.07214208796745,3.100949870639853,1.8721279561295128,167.98328306242578,0.4649875207040008,0.1820243008246943,0.2187756279795436,0.1239881282060263,0.3814197515365682,0.0184598718045502,0.0111447277490927,0.4915154163066325,1.7153707682564732,0.7387699782924099,1.5961097842560346,0.687407068190655,0.0175611492594639,0.1173128987231491,0.0119984636570582,0.026779206909796,0.0232943314566217,0.3271848389181897,0.1304654931754522,0.0441604916297413,0.0188539256372544,0.0498562020478327,0.0117904952832398,0.0241224577739889,0.0022651690445633,0.1404742053640851,0.0049612635483901,0.0267960692103759,0.022123338360797,0.0792110188025497,0.027575926273223,0.0249960073781442,0.0222182491962806,0.3866398973398064,0.1959106307803124,0.0541668650957515,0.0489505774128644,0.055163219362414,0.0143979071303012,0.0907697012283521,3.163399103194248,0.7739273055327827,2.752266378298305,0.7955834026233616,0.2358342536741482,31,749170.0,81323,243837.0,121808.0,122029.0,46242.0,169330.0,28265.0,35.934275766521246,21.869999999999976,11149.382716049397,May,Camden
E09000008,351.3277168821943,107.34524919168491,8.930871531770274,3.4213393865884285,0.5506699392167587,10.68653483312535,5.1119829005812365,18.6847290757038,1.5790268363204527,0.2153518259564621,80.37784378585032,30.79205447931084,42.7461393325014,20.447931602324942,74.73891630281518,2.9300644818469213,1.5074627816952937,180.00221895445964,0.4465380718789128,0.1710648605231982,0.237475624360587,0.1135982196280493,0.4152110831573917,0.0162779353436094,0.0083746899924421,0.5123484721099225,1.6412803229860389,0.7068609603372141,1.5568699622004338,0.6705073966883365,0.0170933182632534,0.0981567208147462,0.0097707023218343,0.0265201341878389,0.017672875058617,0.2554426635564587,0.1601596787187225,0.0443541308451669,0.020577873435377,0.0643308042853535,0.0128416318972669,0.0424206716606346,0.0027366623781067,0.1703151490374788,0.005617612755059,0.0373369245013046,0.0146524462827804,0.0626688640800583,0.0245254210841439,0.0298496393317972,0.0174944760917074,0.3375022330920696,0.2327965519006744,0.0560361931609302,0.0565661558498603,0.0593908089881735,0.0159265959394693,0.1072430604811156,3.2722117798385684,0.8005483858631509,2.8032499071946204,0.8103209475488481,0.1571958338926991,31,582814.0,72590,380070.0,184305.0,195765.0,93166.0,237511.0,49393.0,36.89643486745178,86.57000000000002,4390.3199722767695,May,Croydon
E09000009,352.6938560742455,104.9925458497948,8.839245757400318,3.479792631879644,0.5661371227454645,9.376937552366147,5.306999827937622,16.93512870154462,1.6466518983329008,0.2260814876034728,79.55321181671894,31.318133686640355,37.507750209464575,21.227999311750487,67.74051480617848,3.10365033764584,1.5825704132252176,173.2079466859578,0.4592930829031554,0.1808123373428302,0.216547513708881,0.1225578832721736,0.3910935733739652,0.0179186370892846,0.0091368233588876,0.4910999828970535,1.6923707658925584,0.7288644164386392,1.5822921195304582,0.6814561239060316,0.0156024142023788,0.1154008939619687,0.0129942675320083,0.0293138715624131,0.022155104926892,0.3131745751155332,0.1404712240208086,0.0487002197025177,0.0200621227808783,0.0498517639334326,0.0132043738478244,0.0230904820828808,0.0025758226217833,0.1453248819414631,0.0055961009116391,0.0262289451753832,0.0162529356801939,0.077284345267552,0.0307020067245415,0.0272104014912615,0.0214145013352283,0.3704215351848441,0.2041006943277901,0.0572231824116379,0.0503166787017835,0.0510925287143515,0.0147575381194598,0.0954765877215492,3.1798156465269907,0.7779436217588456,2.7843585110352347,0.8048601093991329,0.431843482272879,31,1371748.0,158046,344285.0,172747.0,171538.0,81217.0,222669.0,40399.0,36.143459633903646,55.55,6197.7497749774975,May,Ealing
E09000010,413.277155877186,121.67245190193024,8.73718564818233,3.4034691797448438,0.6009118539043148,9.667468176390257,5.434834730773189,18.204607138892104,1.558382258488216,0.2150260533239771,78.63467083353741,30.63122261820756,38.66987270556103,21.73933892309276,72.81842855556842,2.93701983750976,1.5051823732684733,177.6346405227813,0.4426764430750357,0.1724394663566713,0.2176933090964411,0.1223823172052116,0.4099337175522902,0.0165340489268651,0.0084734732416982,0.429819645234805,1.6582362038007257,0.714163460725586,1.5748994317289795,0.6782722665687796,0.0117562498346777,0.105382043830565,0.0124178654503737,0.0337061479635072,0.022611840307021,0.2751899695676411,0.1451828276458664,0.0604650053997108,0.0253774980806289,0.0522957180145914,0.0163918044569902,0.0284386949125808,0.0025517593391158,0.1575007649726454,0.0059816452283831,0.0318006558028032,0.0129495091928975,0.0582652104342212,0.0284625487951044,0.0328360933394309,0.020562498004643,0.3528088428096749,0.2080653020518072,0.0693716898165236,0.063319528688361,0.0531888622029321,0.0168815622627434,0.0962378615945581,3.2717345489173217,0.8004316310595522,2.832397729295985,0.8187465576821238,0.7862967344716139,31,4473257.0,302997,328738.0,159756.0,168982.0,83274.0,203384.0,42080.0,36.19075068882577,80.84000000000006,4066.526472043539,May,Enfield
E09000011,400.7463617998874,112.94744388410786,8.804233188474331,3.3339813837886214,0.6008096429705261,9.435606094984296,5.3297658871321945,17.951051749885558,1.5682007894905825,0.2376227367351461,79.2380986964659,30.00583245384532,37.742424379937184,21.31906354852877,71.80420699954223,2.9281387615254246,1.6633591571469188,176.95286716344194,0.4477921153053592,0.1695696313647777,0.2132908326660597,0.1204787686702894,0.4057815403082479,0.0165475632492626,0.0094000124655259,0.4415582623599793,1.6658236534261288,0.7174311974148101,1.5760953461128202,0.6787873188593625,0.0169818955296962,0.1048158930137432,0.0125703183672441,0.0314092643120411,0.0205275314218598,0.2730611968567906,0.1489442601476508,0.0583880581975511,0.0232906712934171,0.0596964167350235,0.0150453359615962,0.0306519593102069,0.0031291968630883,0.1479570870995218,0.0055207692077582,0.0340251941676493,0.013984951515161,0.0645094871296685,0.0305097089593829,0.0303430992851293,0.0187236924340927,0.3402218500569469,0.2274064212499997,0.0660690297014513,0.0571716366249621,0.0583182800141732,0.0162070462660905,0.0905197482781025,3.2937154726759466,0.8058092759733592,2.8284575407380097,0.8176075877609529,0.4669028979510058,31,1826247.0,157634,274542.0,137569.0,136973.0,66010.0,179854.0,28678.0,34.858640936812435,47.38999999999999,5793.247520573962,May,Greenwich
E09000012,402.29481639201776,111.08628553971896,8.833217933214016,3.3864512474803083,0.577133070020635,9.474027602838015,5.201158971853967,17.48605654819324,1.5677589439144806,0.2138031528880782,79.49896139918013,30.478061227045583,37.89611041135206,20.804635887415863,69.94422619277296,2.957063979886564,1.4966220702174835,174.70150952977554,0.455055950078271,0.1744579157276886,0.2169191927039026,0.119086755136881,0.4003641776252191,0.0169263791013927,0.0085667380565043,0.4342623926815328,1.6685240576173868,0.7185941981973081,1.5696368913387355,0.6760058137867871,0.0138228226669603,0.1058615838031419,0.0124221642101955,0.035174973592994,0.0241134891054442,0.2933372984756179,0.1422737940099231,0.0495357557173096,0.0207580809646517,0.0462659160951578,0.0144309202543489,0.0309203946251748,0.002960530468705,0.1499293709030564,0.0059975114991464,0.0384546325533505,0.0137407610548213,0.0640460751845916,0.0295965664972877,0.0331058832663966,0.0207396916410604,0.3548890502360421,0.2272637005656187,0.0562532278152463,0.055475489143538,0.04734133319427,0.0144569959010814,0.0968319865548667,3.2503211425536813,0.7951928295840898,2.787031801194769,0.8056328635547961,0.4785198282101154,31,2021815.0,174832,268626.0,133429.0,135197.0,61120.0,188145.0,19361.0,32.97352825100698,19.08,14078.93081761006,May,Hackney
E09000013,363.1087104716418,101.72149844892904,8.796715542204646,3.43904547321746,0.5728556485217671,8.731898546809694,5.477937848273369,15.798024583494156,1.627646306244531,0.2477441180208045,79.17043988012236,30.951409258631355,34.92759418723877,21.911751393093475,63.192098333976624,3.094115459236737,1.7342088261471231,169.10261389289508,0.4681798705386465,0.1830332988124897,0.2065467433245056,0.1295766569697838,0.3736908429694691,0.018297265713447,0.0102553638067683,0.4657079519608541,1.724108211665363,0.7425329903461116,1.5986517148104094,0.6885018180926745,0.0154655503681357,0.1103674548452704,0.0136455949529727,0.0308874336482297,0.0277315613870443,0.3271375409656496,0.1280578063431256,0.0544669210706281,0.0217210457601477,0.0466024045022988,0.0140208358620771,0.0219734267266262,0.0022062981263118,0.1344509640804895,0.004930680348034,0.0266657883907715,0.0196686926221864,0.07770705264714,0.0290964234695552,0.0276707196835638,0.0254377788538273,0.3840745111698728,0.1849429307553198,0.0622620222394549,0.0536506788542203,0.0524982215703535,0.0152772730809277,0.0873823876757642,3.1935051087791124,0.7812927561201342,2.791834850808551,0.8070212562571999,0.6589337586185885,31,1862204.0,165526,182183.0,89454.0,92729.0,34398.0,129350.0,18435.0,35.687813901386406,16.4,11108.719512195124,May,Hammersmith and Fulham
E09000014,398.1084208079184,110.46127036989616,8.913604549882113,3.4254752527693064,0.5920164252207387,9.129757005136486,5.359854916572999,17.113573737457386,1.6061642324903116,0.2353268718686816,80.22244094921004,30.829277274847847,36.519028020545946,21.439419666292,68.45429494982955,3.027929230471761,1.6472881030819535,174.79137289908525,0.4589611009893834,0.1763775680888263,0.2089292361221396,0.1226571958941584,0.3916342884345397,0.017323104568896,0.0094243101118783,0.4390546990801272,1.6886776740497282,0.7272738883551202,1.5814228628174705,0.6810817554167998,0.0137262657524124,0.1052665286548473,0.0135661546471655,0.0340603761187763,0.0256539500892174,0.2965216158887145,0.138334808925186,0.055896565853994,0.0224879012339822,0.0493296385224947,0.014832811390897,0.0272882693709234,0.002819734464627,0.1429145795393425,0.0060504207660545,0.0350815291677958,0.0161688496135688,0.064432924944457,0.0318030548766005,0.0312609019137481,0.0232674382986776,0.3608602087209237,0.2110907875509255,0.0641515799473106,0.057510095539785,0.0506316228126708,0.0154324039978593,0.0895589813970413,3.264553572238959,0.7986748012222527,2.8136525896524627,0.8133279971467645,0.5740186327584471,31,2461079.0,183757,268251.0,134472.0,133779.0,60298.0,182741.0,25212.0,34.982777323655164,29.599999999999994,9062.533783783783,May,Haringey
E09000015,431.5950636186268,131.50251346644632,8.681131055894888,3.461464634207001,0.5362411122020448,9.783691871304,4.952631942223988,18.08945970351459,1.6043575466715334,0.1944899205617916,78.13017950344162,31.15318170791149,39.134767485216,19.810527768895952,72.35783881405834,2.994976447527523,1.3614294439333388,174.65495197779754,0.4473401905797305,0.1783698736001012,0.224069040368182,0.1134266595052758,0.4142902219185667,0.0171479618162114,0.0077949661805547,0.4046731918419926,1.6455859251232456,0.7087152822460998,1.5572003839534432,0.670649701591635,0.0122846648386499,0.1206826522654866,0.0129380440633581,0.0330797747131918,0.0175834361657271,0.3002932981148513,0.1478360812935876,0.0422126331337585,0.0187518805296603,0.0474360542500873,0.014185451319377,0.0252609001047161,0.0022656672957893,0.1565839311030703,0.004611329678332,0.0322132472895858,0.0117809538407705,0.064139959406929,0.0254057312212052,0.028434450700046,0.0155544724457008,0.3644114641063379,0.2609358623485778,0.0456269422737131,0.044714211562187,0.0451347388241749,0.0147094405056183,0.0909327266055097,3.1611620377784675,0.7733800062660581,2.6742178639657204,0.7730223223834439,0.8208022255563877,31,2735756.0,228560,246818.0,122713.0,124105.0,57186.0,152725.0,36907.0,38.0376066576336,50.42000000000003,4895.239984133277,May,Harrow
E09000016,322.1291813993907,101.06597947256851,9.166341969196187,3.4657452684002066,0.5716224929976368,10.992026351127642,5.359563994289392,19.60894545493432,1.651041224898889,0.1998616163076874,82.49707772277694,31.191707415621128,43.96810540451057,21.438255977157567,78.4357818197373,3.045926299480089,1.3990313141537571,186.8160731332941,0.4415951815019411,0.1669647953330316,0.2353550455647309,0.1147559501577857,0.4198556393152156,0.0163044124008901,0.0074888166242288,0.5799414766514771,1.6346169965679445,0.7039912218501497,1.5545327073705588,0.6695007958228655,0.0133726215096664,0.0895819225583679,0.0078576352666288,0.0219440326506707,0.0173075397914798,0.2505475332027794,0.1691221776874882,0.0451875034316147,0.0204127698774379,0.0844390758737653,0.0123050080223527,0.0337487874961108,0.0026354801515401,0.1828974419980844,0.005948132286462,0.0312414209630483,0.0114509172325018,0.0596520009124209,0.0234755320580758,0.0273359056319174,0.0179090418232753,0.3501192735469534,0.2063994868377224,0.0603598610924747,0.0541973862600847,0.0652127646153347,0.0169298019173152,0.1184089453044248,3.211646503504458,0.7857310581744706,2.8089109684776195,0.8119573612453931,0.0966147369325357,31,232036.0,34450,249375.0,119743.0,129632.0,54279.0,149202.0,45894.0,40.05118796955948,112.44,2217.8495197438638,May,Havering
E09000017,369.4493421772788,118.13292385837887,8.744478971362168,3.520212030563472,0.572096839042172,9.835958724188394,5.283803958955216,17.813085616904498,1.585079158973784,0.2625340221366895,78.70031074233812,31.681908274848265,39.34383489675358,21.135215835820865,71.25234246761799,2.9832061311293225,1.8377381549577136,175.9088133319934,0.4473926533391293,0.1801041555266186,0.2236603962673536,0.1201487033849309,0.4050527151993411,0.0169588213041896,0.0104471067716734,0.4761378442178529,1.6724025751709928,0.7202645847877223,1.5830696074674684,0.6817909697346868,0.0157388571910931,0.1111362104284493,0.009769314816378,0.0299273691807067,0.0190214515939189,0.2844835888113584,0.142473632836882,0.0523990521969366,0.0230494957216892,0.0588108709634848,0.016581797948646,0.024897069681121,0.0022066262990382,0.1593883269944347,0.0046213127286432,0.026095496033185,0.0193995265740343,0.0687398651546951,0.0220514951560842,0.0319678069816115,0.0189648815790698,0.3625973548527081,0.1963395034353085,0.0617187183452375,0.0556041224122887,0.065065602912628,0.018587099919518,0.09836354925085,3.2330772291781087,0.7909740968285163,2.8181948330728166,0.8146409999521627,0.287835942500996,31,1158826.0,101553,296056.0,147929.0,148127.0,70644.0,186478.0,38934.0,36.37235860789824,115.70999999999998,2558.603405064385,May,Hillingdon
E09000018,331.81134699785844,105.67470294493891,9.048251496094696,3.5101338621456204,0.5669012153552543,9.84922583370766,5.23348237544384,17.453099082398175,1.6733799371053375,0.2258984671798426,81.43426346484956,31.591204759347622,39.39690333483064,20.93392950177536,69.8123963295927,3.1235094224493904,1.5812892702587746,176.885387988901,0.4603786914833198,0.1785970289492192,0.2227255952724748,0.1183474211170506,0.3946758809380751,0.0176583801407348,0.0089396263209598,0.5330902321132576,1.6822069342794208,0.7244870924226555,1.5726286385218824,0.6772942891662506,0.0156841504124154,0.1058326906207132,0.0106327235903987,0.0255573937463571,0.0195639759085797,0.2932830153132415,0.1500356190352834,0.04396743066063,0.0186396472243646,0.0645911464619406,0.0123047576433739,0.0304969591352522,0.0026846743949179,0.1570063525519125,0.0057167079768976,0.0283598170182451,0.0156429383054759,0.0758625687928662,0.0270124498102,0.0259885091345821,0.02047566205988,0.3661200619599199,0.2039212971677789,0.0569291037685877,0.0500736253864444,0.0572815487074863,0.0143761383408626,0.1019590348713916,3.1991714960356004,0.7826790408342856,2.7850730199797407,0.8050666488030791,0.0691426072922895,31,236175.0,31669,266412.0,134797.0,131615.0,62349.0,173737.0,30326.0,35.741396784053656,55.95000000000002,4761.608579088471,May,Hounslow
E09000019,352.87241858477614,103.18324566138594,8.699177992085136,3.3551685876267867,0.5717023508988859,9.202710608763862,5.389783966619369,16.63598544228137,1.6128827368941807,0.267887928847254,78.2926019288253,30.19651728839411,36.81084243505545,21.55913586647748,66.54394176912548,3.054535584601497,1.8752155019320185,171.3254306511076,0.4569817897511246,0.1762523939010971,0.2148591852077009,0.1258373364919839,0.3884066802939351,0.017828851052602,0.0109453424095034,0.4855166389547313,1.7046235453792788,0.7341414013348122,1.5973927910409655,0.6879596291367739,0.0198293592934876,0.1038701844449742,0.0123240510258954,0.0281119199019841,0.0229051053614888,0.3029731842398505,0.1378741427771525,0.0509017125053359,0.0222930607221461,0.0549298976044883,0.0148531702692663,0.0301332194989438,0.0025712527511517,0.1420265108466063,0.0048941395617006,0.0289590251636831,0.020550064031844,0.0674242773940828,0.028292442356123,0.0279862541258194,0.0216426391788169,0.3698302958349872,0.1980721864903796,0.0627895520580117,0.0558001544835538,0.060302074327844,0.0174819052449874,0.0903782185053939,3.2515542054320905,0.7954944990857585,2.808187707478273,0.8117482919302347,0.4253101505078921,31,1231102.0,133747,227507.0,113683.0,113824.0,40109.0,167416.0,19982.0,34.48417411350173,14.899999999999991,15268.926174496652,May,Islington
E09000020,367.47012353828086,99.27392809284612,8.589911601040187,3.375356264750176,0.5654613752105497,8.36966221086249,5.354564776638672,15.352050068558944,1.6118121484200585,0.2667048354504287,77.30920440944594,30.37820638248317,33.47864884344996,21.41825910655468,61.408200274235774,3.0676570257094573,1.8669338481542104,165.07025466421555,0.4683412197231272,0.1840319834986518,0.2028145465187046,0.1297523842204249,0.3720125130911792,0.018583947979905,0.011309934984664,0.4492072799682162,1.7319248242035712,0.7458994221298604,1.6055013648048342,0.691451801776281,0.0137039915144158,0.1147074004957487,0.015457830163529,0.031969551727463,0.02813288787798,0.3404409554223223,0.1253506826470938,0.0491244987209229,0.0212116915013698,0.0438028576452504,0.0118140204992654,0.0208611506588239,0.0030675159813725,0.1246382565981656,0.0053897072586912,0.0289621608744235,0.0213648404131617,0.0826135467044312,0.0354842904359625,0.0256108414245045,0.0259300475322905,0.3897398159037264,0.1814224691216079,0.0576483961975221,0.0544504694989836,0.0483860663292869,0.0127239612991305,0.0859900955525536,3.173109154339279,0.7763028748094102,2.778590649219058,0.8031928234250142,0.4812853869750534,31,1228803.0,112030,158589.0,78878.0,79711.0,28328.0,107647.0,22614.0,38.88847271913068,12.11,13095.706028075969,May,Kensington and Chelsea
E09000021,295.18417934719787,93.70221130221177,9.081342447126517,3.440503316613143,0.5483505011666475,10.635440163165054,5.279257115557606,17.82940098855208,1.7186378920676677,0.2167281799974266,81.73208202414109,30.964529849505464,42.541760652660216,21.117028462230422,71.31760395420832,3.195772375649978,1.5170972599819927,178.87958407621826,0.4569111810396211,0.1731026489658645,0.237823454657261,0.118051641115359,0.3986905734520314,0.0178654953395257,0.0084811090534265,0.6059931276527483,1.6776018648849855,0.7225037969861708,1.5712400693870925,0.6766962649906322,0.0205850887224702,0.0921348729110561,0.0098867451211864,0.0211937875825432,0.0186298742022355,0.2833400966540008,0.1570074150588409,0.0389936178846792,0.0178182757221381,0.0791124063894934,0.0098498542811819,0.0327221750839266,0.0023610137602833,0.1682222304201866,0.0055151805806618,0.027741911683329,0.0148854539417862,0.0737745835254566,0.0274098223787955,0.0235193735759391,0.0202843597946415,0.3671667231463101,0.1932212721649532,0.053230212350233,0.0473687959360052,0.0688460137408226,0.0141342622978141,0.1110445810890288,3.1889996142242403,0.7801904844347739,2.788380545389684,0.8060227380612464,0.0,31,75515.0,12504,171609.0,84301.0,87308.0,37534.0,111139.0,22936.0,37.07246123485866,37.26,4605.716586151369,May,Kingston upon Thames
E09000022,394.5188726991638,103.62527548973492,8.596871621802412,3.2603224220624814,0.588498018074629,9.022519678561936,5.399539179560857,16.86861109758732,1.5825652898641698,0.2498745282280651,77.37184459655198,29.34290179860652,36.09007871424774,21.598156718243427,67.47444439034928,2.996715201443691,1.7491216975977553,171.19028260408692,0.4519639983041002,0.1714051834733404,0.2108185007072716,0.1261646186319678,0.3941487995927779,0.0175051711806225,0.0102174122911109,0.4339216560993933,1.6935872712122817,0.7293883367626156,1.5937734532155563,0.6864008651796218,0.0153350751438975,0.1049801120220797,0.0131574973051648,0.0327151101437182,0.0261550035207478,0.3003282885012185,0.1401149104144288,0.0544436935193697,0.0232430713003358,0.0478038273266668,0.0155276307915358,0.0281343623104412,0.0031799998867319,0.1370562017077043,0.00565254654844,0.034851156372176,0.0173215131853423,0.0678700317098326,0.0296315427331839,0.0307163452669056,0.0243246367670346,0.355812639510706,0.2161940509484826,0.0626246116965644,0.0596286157524483,0.049917148692242,0.0158816048611401,0.0873987720614596,3.267744712781194,0.7994555154858858,2.817720431172469,0.8145038670492337,0.6135327713898064,31,2998051.0,246803,320736.0,160869.0,159867.0,62418.0,233025.0,25293.0,34.32011997347239,26.82,11958.836689038031,May,Lambeth
E09000023,395.2900953661657,105.5606905890866,8.709078220776792,3.3281711253401784,0.5918402740517404,9.592213197776688,5.3167815425034775,17.726821441490713,1.569397721825242,0.2316544847826027,78.38170398734451,29.95354012803152,38.36885279110675,21.26712617001391,70.90728576596288,2.954632498252445,1.6215813934793593,175.13232981521904,0.4475570219961358,0.1710337557870399,0.2190849218507483,0.1214346100029201,0.4048783330911927,0.0168708570334778,0.0092591778753259,0.4430476044510809,1.668758127652739,0.7186950066744816,1.5785175971184306,0.6798305255852487,0.015413013577703,0.102422165814382,0.0119258179342396,0.0325720036917651,0.0231517651648343,0.2792658546615935,0.1440671156975078,0.0570653639063357,0.02236573213136,0.0515324736834871,0.0159416168281902,0.0318420026028424,0.0031853631874353,0.1520104367425776,0.0062486190240081,0.0361945217673532,0.0147961335843846,0.0630898194814657,0.0276750110415925,0.0327836985057377,0.0218356403942503,0.3506838637929099,0.2145619600919088,0.0662107155843778,0.0575619749910581,0.0529647091559512,0.0167258500780519,0.0959067568826956,3.289930892645513,0.8048833764172241,2.8274591605240778,0.8173189911578135,0.6355383267626254,31,2718834.0,231242,294999.0,144943.0,150056.0,67332.0,200119.0,27548.0,34.88531147537555,35.170000000000016,8387.802104065959,May,Lewisham
E09000024,328.9231305532788,103.03695506694994,8.795268492368907,3.419521211836052,0.5523096398863165,9.95485394084335,5.184655081104121,17.242675214685292,1.6408855438932437,0.2628467888597388,79.15741643124413,30.77569090654694,39.8194157633734,20.738620324416484,68.97070085874117,3.083262929389813,1.839927522018332,173.78992806574624,0.4554775832653443,0.177085584009818,0.2291238405272218,0.1193315432904194,0.3968624742893556,0.017741321166917,0.01058707798833,0.5283603125551422,1.6871711328563503,0.7266250563793604,1.5845421026229098,0.6824251388800121,0.0200336248766608,0.1059447057583798,0.0115028691312136,0.0249983235460354,0.0181009129489304,0.2945840957207315,0.1475830323699311,0.0447565309856591,0.0207066013967256,0.0587716861294988,0.0128847461848697,0.0316538457853947,0.0025506049603877,0.1543990152030425,0.0045072662304693,0.0265406611934436,0.0204814775786256,0.0705200091144493,0.0271144687910407,0.0260066256875093,0.018131105808386,0.364079175267606,0.2074009973654353,0.0573354248716411,0.0549338426579043,0.0612572927083762,0.0157055914211563,0.097515466306495,3.2172416539027964,0.7870999147526572,2.788986955866516,0.8061980300004091,0.3628702062145192,31,573560.0,80563,205965.0,101313.0,104652.0,46260.0,134778.0,24927.0,36.5931638868283,37.63999999999999,5471.971307120086,May,Merton
E09000025,454.07368003226526,133.77153175567423,9.320503081045567,3.651560822819768,0.548545714465515,10.216384659018852,4.911595165682898,18.864064868116497,1.5196704072086182,0.1730060756171588,83.88452772965277,32.8640474054495,40.86553863607541,19.64638066273159,75.45625947246599,2.8237692073562,1.2110425293206712,183.02197960171227,0.4583303486947314,0.1795633916591187,0.2232821365226512,0.1073443785576221,0.4122797690019089,0.0154285797449094,0.0066169239998174,0.4030666996349737,1.621983168633012,0.6985501283198415,1.5292601293058266,0.6586164888883054,0.0136664101986922,0.1136145997468826,0.0136990256533918,0.0401817055102474,0.0193484501510202,0.2639146351961392,0.1518008810450205,0.042161624014385,0.0172958152232902,0.045901173033542,0.0127403451570594,0.0350412959777658,0.0026824874791408,0.1725416368360014,0.0051446869691634,0.0423722877709689,0.0078929400372885,0.0602937511853164,0.03289020363427,0.0320773126446336,0.016107669309558,0.3189418766131412,0.300703359255059,0.0440112514641244,0.0421845935972239,0.0405701101514861,0.0133423608816924,0.0988775112634946,3.2377453377978807,0.7921161521330102,2.7002739411019103,0.7805542177953422,0.5944580431080326,31,2695375.0,247640,336254.0,176602.0,159652.0,83982.0,228855.0,23417.0,32.038271663511786,36.20999999999998,9286.219276442976,May,Newham
E09000026,410.42683445699714,118.6248074551318,9.160894576812268,3.597303874661125,0.5796924327875486,9.965541853556838,5.197986367056176,18.445675954132348,1.614188927936174,0.2091051022470514,82.44805119135133,32.37573487176759,39.86216741422735,20.791945468224704,73.78270381652939,3.0064108644530267,1.4637357157296649,181.4928470563631,0.4542771383477546,0.1783857347375966,0.2196349225920074,0.114560688233447,0.4065322959731629,0.016564900012392,0.0080649774328301,0.4422051187186184,1.6529168903729143,0.7118725571271828,1.5572084741291543,0.6706531858406647,0.0148341684049057,0.1054878179902372,0.0119705538710764,0.0340432039032129,0.0217369488706821,0.2794228329355095,0.1463298664124417,0.0498402731484468,0.019747829889111,0.0566211976766134,0.0150707122837953,0.0282287642135393,0.0021969908751406,0.163442262984228,0.0048766268365003,0.0335067988445189,0.01264315086004,0.0622659946802315,0.0281779695375908,0.0310924442576751,0.0198495623291281,0.3541295031188219,0.2378743505211141,0.055911207894586,0.0477182661733105,0.0529244618908132,0.0160966036515662,0.0939596359451621,3.2409700202227847,0.7929050724364223,2.768542978227861,0.8002883951550448,0.3407809177117673,31,1220408.0,96287,297928.0,148700.0,149228.0,75418.0,186229.0,36281.0,35.736751833023945,56.38000000000002,5284.285207520396,May,Redbridge
E09000027,316.96130279520213,96.48899300698996,9.044967302631802,3.5092481546997925,0.5381730060539538,9.419581732640465,5.3331936590845945,16.47132046661418,1.6892489856258728,0.3268060507402864,81.4047057236684,31.583233392346592,37.67832693056186,21.33277463633837,65.88528186645672,3.1897643199375194,2.2876423551820406,174.10016890155896,0.4675739618018227,0.1814084017931345,0.2164175208346076,0.1225316136735083,0.3784331875272912,0.0183214315072899,0.0131398054902263,0.5492789415181389,1.7237196130014407,0.7423656300110616,1.6022893356188592,0.690068456102034,0.0225682238542827,0.1052534801466691,0.0101078385774393,0.0262295436600218,0.0207294517214152,0.3175343147328913,0.1378430121250797,0.0459152217883681,0.0186635371486052,0.0603982564113657,0.0099780428974722,0.0228818967475365,0.002785198965961,0.1472748315360237,0.0039100948590094,0.0209187370880339,0.0270083177398245,0.0763355478297076,0.0230238552249276,0.0267520279824457,0.0211538930919285,0.3899692448300233,0.182239371310679,0.0571709281428664,0.0474763887165795,0.063207000798155,0.012840597597453,0.0998311444752339,3.171819010813778,0.7759872404964862,2.752546567994278,0.7956643956091641,0.0900029999416004,31,251904.0,31360,194124.0,94288.0,99836.0,44364.0,120918.0,28842.0,38.72640168136149,57.39999999999999,3381.951219512196,May,Richmond upon Thames
E09000028,385.09525973342767,105.47175053254055,8.449932146488104,3.2397927572897416,0.5933983608905737,9.0460046658458,5.481845655554055,17.987356264801296,1.5972427886926537,0.2280806488937907,76.04938931855368,29.158134815825253,36.1840186633832,21.92738262221621,71.94942505920518,3.0262048363476803,1.5965645422575363,174.54896637784458,0.4356908602594085,0.1670484530553272,0.2073001027405454,0.1256231020855787,0.4122019542840312,0.0173372830509742,0.0091468003242223,0.4532617890406432,1.6670315873451207,0.7179514262374215,1.5885987437340046,0.6841722391110773,0.0158948919097706,0.1025837719469322,0.0131534830430978,0.0297721415651246,0.0246100347857126,0.2964027183996287,0.1482370156387959,0.0583544218515265,0.0227886014441448,0.0536580157447802,0.0154685906171952,0.026129274881989,0.0028690628581649,0.1401112874890026,0.0061522132010774,0.0292654655371652,0.014549009085891,0.0650553736052468,0.0296792272270652,0.0276921156065582,0.0220369412012698,0.3582646662151316,0.2149876390983802,0.0656243461948654,0.0548386685171988,0.0584129276402277,0.0162796071305676,0.0871284875634883,3.249845077922055,0.7950763601138792,2.8093705492711987,0.8120902098876679,0.7005707779873285,31,3634519.0,310001,308434.0,153470.0,154964.0,62902.0,221000.0,24532.0,34.20065556959368,28.86,10687.248787248787,May,Southwark
E09000029,291.3163767019691,100.99686019996356,9.211944162435593,3.496104494243584,0.5335602549212494,11.231367215549744,5.1353407205647175,19.314970657424222,1.6781176179274493,0.2000787339358715,82.90749746193288,31.464940448176907,44.925468862198976,20.54136288225887,77.25988262969689,3.0931556270892213,1.4005511375510906,185.20244973853863,0.447658751701062,0.1698948393641544,0.2425749169388577,0.1109130193000056,0.4171644745453921,0.0167014833305715,0.0075622711229162,0.6357433517306506,1.6363007025758314,0.7047163545584341,1.5490137368402934,0.6671239045907823,0.0172561589206514,0.0929273352962369,0.0076031456151466,0.0183742685699377,0.0144236144757929,0.2498105425316487,0.1718037593331097,0.0358788963015417,0.0164983290472463,0.0860571726734001,0.0098642117948144,0.0455940268097847,0.0023728771445964,0.1829724323854248,0.0049445293379548,0.0296423291466338,0.0139763706160784,0.0663721311463783,0.0218178709874157,0.0226325122537546,0.016623749671804,0.3461176697425852,0.2204811404487469,0.0515901827127229,0.0455065042574077,0.0721111414990152,0.014625465148905,0.1221216321312642,3.1905390634481963,0.7805671115219781,2.769481909070432,0.8005598070359768,0.0362628886698774,31,113977.0,20087,199870.0,97427.0,102443.0,46142.0,123600.0,30128.0,38.44916195551449,43.8,4563.242009132418,May,Sutton
E09000030,385.3385934520616,109.87127085996914,8.991403108147413,3.4525425424632434,0.5695033720491404,9.950899296714756,5.209568847624298,18.23593839108134,1.5954781993920566,0.1943953926098401,80.92262797362288,31.072882882140423,39.80359718685903,20.83827539049719,72.94375356432536,2.979588078340353,1.360767748269866,179.04501275528654,0.4519680650598492,0.1735478827584543,0.2223105607597203,0.1163856790525538,0.4074045539823147,0.016641558636502,0.0076001432674906,0.4646433443152141,1.6525114112694377,0.7116979267825267,1.5585875185975913,0.6712471079657611,0.0152186792953193,0.1055256931996423,0.0124802919089618,0.0310002396596716,0.0244661769407936,0.2841255352447691,0.1427437376579621,0.0450902553681155,0.0187311732240376,0.0522835272565002,0.0145037623086712,0.0299696450425555,0.0021731851582769,0.1697034197055958,0.0048268502393985,0.0344477411350583,0.0127100866546701,0.0664342955310587,0.0300484008794732,0.0282031541714879,0.0218372810952014,0.3491907565705779,0.2357330602272672,0.0519735498568346,0.0453385680051908,0.053731185227785,0.0165105334568288,0.1009992149782941,3.226192840286048,0.7892898273539208,2.7815181128139166,0.804039050180614,0.5692201040865332,31,2402872.0,231236,293828.0,152762.0,141066.0,64797.0,211354.0,17677.0,31.51472630207743,19.75,14877.3670886076,May,Tower Hamlets
E09000031,413.32110626873305,117.28363512671471,8.983517034151687,3.53558594762416,0.5962661307945134,9.561178543679215,5.3739823101045765,18.05338341632997,1.5686200545113218,0.2180218845306684,80.85165330723926,31.82027352917577,38.24471417471687,21.495929240418302,72.21353366531991,2.95133692192982,1.5261531917153883,179.0386063264434,0.4515878165395312,0.1777285591195759,0.2136115498183938,0.120063095225532,0.4033405707685863,0.0164843604543514,0.0085241570130005,0.4331707324184797,1.6631546813676057,0.7162817337150511,1.5696825953254288,0.6760254974224664,0.0134362912638546,0.1051954254236602,0.0132887641274387,0.035453172485297,0.0231693083173054,0.2797889881628342,0.1440623072283493,0.0578217172295913,0.0221366183623938,0.0506669941997819,0.0159264120920102,0.0281763107099897,0.0027491510327928,0.1557540043324946,0.0051524710109176,0.0332663400027035,0.0139557240185843,0.0610602750679957,0.0300623040528068,0.0332663060361417,0.0210212743160167,0.3476763610612179,0.2241441228965401,0.0646376377351236,0.055350606565032,0.0522610074645609,0.0162957039015712,0.094224400902993,3.2690436327415053,0.7997732969583442,2.8191921987953883,0.8149293033015332,0.8421331354346995,31,4134269.0,299423,270671.0,135651.0,135020.0,65030.0,177768.0,27873.0,34.99062330293475,38.85999999999999,6965.285640761712,May,Waltham Forest
E09000032,346.59085248861345,102.51163715380017,8.726557715694296,3.401073205088976,0.5576466389688252,9.22077786458226,5.304669345150216,16.65782970052463,1.627105092821637,0.2841222225540541,78.53901944130673,30.60965884560822,36.88311145832904,21.218677380600862,66.63131880209852,3.075667801639709,1.988855557879532,171.45353898354955,0.4580775637931996,0.1785303413803848,0.2151201525322138,0.1237575934938078,0.3886260919262308,0.0179387828322097,0.011599967954411,0.4946857014617323,1.705664593183027,0.7345897562197203,1.5975584410862496,0.6880309707281215,0.0205093976317276,0.1067016496940052,0.012922624393231,0.0279924004155942,0.0220441754668709,0.3035708566443197,0.1413750738243512,0.0468286596060053,0.0213856814708244,0.0536160160088345,0.0129713068287364,0.0274389579909015,0.002742870905711,0.1439565240228602,0.0053038232366389,0.0284728191870289,0.0221671626723582,0.0711481599202439,0.0305472013917408,0.0272245196878261,0.0213078150564262,0.361797789073155,0.2095927147001368,0.0571267843654675,0.0541183441792597,0.0601250627689855,0.0150082684764741,0.0920033403802841,3.2368159975292072,0.791888788532467,2.8031415489366363,0.8102896249878241,0.2957317658517598,31,1069098.0,120415,319477.0,154118.0,165359.0,61036.0,229044.0,29397.0,34.811995855617546,34.25,9327.795620437955,May,Wandsworth
E09000033,377.58652013683337,105.57451216240136,8.648867333180316,3.4176576907452736,0.5273060096658413,9.222997774745805,5.1765322088419214,16.542726116836693,1.5874749674611064,0.2146972356928192,77.83980599871566,30.758919216403477,36.89199109898321,20.70612883536769,66.17090446734677,3.007643071145861,1.5028806498504652,169.22736302282132,0.4599717481162813,0.181760908324592,0.2180025170870748,0.1223568604125524,0.3910177602804296,0.0177727940530531,0.0088808371353502,0.4481816855154021,1.6894643334634758,0.7276126841238091,1.5797550913287928,0.6803634853324032,0.0120357296566721,0.1251983392893547,0.0147032650071785,0.030872433993871,0.0241771683567529,0.319382616039945,0.1320651124560849,0.0417011389610095,0.0190200771676016,0.0423429438674192,0.0113313622551837,0.0213812720249645,0.0022166539204571,0.1467478828528066,0.0059768756074225,0.0334321029735522,0.0174150255697232,0.0843542232484324,0.0347072389804918,0.0243099034525661,0.0230933870079772,0.3684976381679633,0.2193086302988991,0.0467130689034299,0.0477369879436566,0.043719941675158,0.0127359633606109,0.0948230169608143,3.1584644448071493,0.7727200386832106,2.7517434207477134,0.7954322339898283,0.3673419111843737,31,1275187.0,131185,238047.0,123356.0,114691.0,42610.0,167188.0,28249.0,37.15795200098674,21.499999999999982,11071.9534883721,May,Westminster
