area_id;weight;volume;fat;saturate;salt;sugar;protein;carb;fibre;alcohol;energy_fat;energy_saturate;energy_sugar;energy_protein;energy_carb;energy_fibre;energy_alcohol;energy_tot;f_energy_fat;f_energy_saturate;f_energy_sugar;f_energy_protein;f_energy_carb;f_energy_fibre;f_energy_alcohol;energy_density;h_nutrients_weight;h_nutrients_weight_norm;h_nutrients_calories;h_nutrients_calories_norm;f_beer;f_dairy;f_eggs;f_fats_oils;f_fish;f_fruit_veg;f_grains;f_meat_red;f_poultry;f_readymade;f_sauces;f_soft_drinks;f_spirits;f_sweets;f_tea_coffee;f_water;f_wine;f_dairy_weight;f_eggs_weight;f_fats_oils_weight;f_fish_weight;f_fruit_veg_weight;f_grains_weight;f_meat_red_weight;f_poultry_weight;f_readymade_weight;f_sauces_weight;f_sweets_weight;h_items;h_items_norm;h_items_weight;h_items_weight_norm;representativeness_norm;transaction_days;num_transactions;man_day;population;male;female;age_0_17;age_18_64;age_65+;avg_age;area_sq_km;people_per_sq_km;mes;area_name
E09000001;330,8668870539325;104,00927530523651;8,164527383747881;3,248681521842075;0,5515826256456595;8,951227618599189;5,393787693753099;15,803969563175375;1,6453984030059772;0,2945169728511094;73,48074645372546;29,23813369656408;35,80491047439676;21,5751507750124;63,2158782527015;3,1055849694690187;2,061618809957755;163,43897926087465;0,4495913201736196;0,1788932715365002;0,2190720392180522;0,1320073759184155;0,3867858116746978;0,0190014951360654;0,0126139970971495;0,4939720040169311;1,7273721575223235;0,7439386953135253;1,6224282291599237;0,6987418054557062;0,0139239077258871;0,1330862153313513;0,0114589997365747;0,0235389304933579;0,0212433673277386;0,3127798893613818;0,1299815602303089;0,0510856884807887;0,0187408271553832;0,0585368607232905;0,0130207353328566;0,0221841719038121;0,0026718849960486;0,1288525947390208;0,0082790802694464;0,0250065856320325;0,0256087005607195;0,0849799809998225;0,026258110041897;0,0225033653187646;0,0187573978753628;0,3928368093482241;0,1756548190798575;0,0606129973168294;0,0430121815915604;0,0740360912087512;0,0163817393434937;0,0849665078754362;3,198743669601189;0,7825743728651746;2,7590226219556686;0,7975363950227388;1,0;31;72341,0;8928;6687,0;3697,0;2990,0;1018,0;4349,0;1320,0;43,9101241205279;2,9;2305,8620689655168;Jan;City of London
E09000002;415,3025437488653;127,2081981636198;8,786498066777927;3,4347570800926563;0,6215546766596851;10,450692388755677;5,277972206510106;19,96552971896624;1,634745000348622;0,1421123324216084;79,0784826009947;30,912813720882703;41,80276955502272;21,111888826040424;79,86211887586498;3,039809931891432;0,994786326951222;184,0870865616876;0,4295710474753779;0,1679249441026045;0,2270814880924013;0,1146842465724277;0,4338279255079805;0,0165128906577202;0,0054038897867932;0,4432601950856472;1,6093736089469135;0,6931194865554116;1,5431038043813432;0,6645786352209153;0,0084397721339453;0,106190724822905;0,0115569548242298;0,0298314383460228;0,0212280141208375;0,2467094240225684;0,1608349373835927;0,0526686980307198;0,0201876543979551;0,0675259700282884;0,0170003350971392;0,0342422518527754;0,0025794686762104;0,1706852346848918;0,0081670186485454;0,0353527481861893;0,0067993547431831;0,0651720807588322;0,030123678442266;0,0304715386497518;0,0198256773948879;0,3465272232262728;0,2223214455366092;0,0572859780905342;0,0443852803329514;0,0595680806155507;0,0179581165573977;0,1063609003949456;3,2674986266362818;0,7993953103771253;2,8128855828234576;0,8131062824509534;0,1383350575766159;31;389789,0;32854;203101,0;99442,0;103659,0;60281,0;123180,0;19640,0;33,01732143080059;36,09000000000001;5627,625380991963;Jan;Barking and Dagenham
E09000003;409,8695450214786;119,839130882585;8,195621420704052;3,2416340182164465;0,5849178659309895;9,280870214101045;5,231916046019067;17,180511538917948;1,6888646337874735;0,1682260515022588;73,7605927863167;29,174706164598927;37,12348085640418;20,927664184076267;68,72204615567179;3,192933064821748;1,1775823605167242;167,7808185509344;0,4396247045601621;0,1738858256657161;0,2212617698317781;0,1247321616667587;0,409594176194875;0,0190303819733269;0,0070185756076713;0,4093517573796368;1,6728084677511583;0,7204393932070955;1,5822581557346451;0,6814414964953517;0,0079388012162057;0,1114536526564182;0,012848283209275;0,0310142137763828;0,0245867439145085;0,3294172856972986;0,1384851527957512;0,0507417021252132;0,0216509184628413;0,0515084115650282;0,017611019315087;0,0213056874167368;0,0022580712507257;0,1320355954085783;0,0077318441298468;0,0271119834506947;0,0123006336094072;0,0658222895644451;0,0266114814747736;0,0276587162343254;0,022024539493777;0,4071285766106589;0,1904582921914406;0,055001055649925;0,0474683389884539;0,054348381245378;0,017058390410112;0,0864199381367101;3,156682912468793;0,7722841858308307;2,7181617555910766;0,7857249557838596;0,8030243355509963;31;4891234,0;343112;378778,0;186357,0;192421,0;88754,0;237036,0;52988,0;37,195581580614814;86,76000000000003;4365,813739050253;Jan;Barnet
E09000004;364,8055470048095;112,31367021541784;8,492301529242615;3,224134923818772;0,6117984208949477;10,530099646665754;5,409954320603861;20,30403918704367;1,7266264522146075;0,1453447186024851;76,43071376320083;29,017214314377465;42,120398586663015;21,639817282415443;81,21615674817468;3,2193334652455468;1,01741303021736;183,52343428922453;0,4164629659379057;0,1581117660900332;0,2295096468186356;0,1179131012136143;0,4425383442867668;0,0175418113643842;0,0055437771974883;0,5030719400952669;1,6103653034978884;0,6935465861512856;1,5543221669040443;0,6694101209794119;0,0087959731467452;0,1012444883297298;0,0092272595720049;0,023783176424522;0,0189482286045046;0,2554974832167157;0,1755052009737993;0,0460625251820199;0,0207528218049336;0,0840668039973441;0,0167917964782058;0,0270802476492052;0,0020826594482938;0,1625155348235414;0,0088527213605951;0,0293898999528989;0,0094031790349398;0,0642536821155093;0,0230863572798893;0,0268113633080781;0,0181385870292468;0,3482786307702321;0,2253954104144968;0,0528139861913071;0,0470594968441202;0,0705929858852272;0,0189699570376464;0,1045995431242463;3,215891888172589;0,7867696938350293;2,790084655848823;0,8065153364551438;0,0815644057067548;31;255330,0;33232;242387,0;116814,0;125573,0;56028,0;146237,0;40122,0;38,88074855496173;60,58000000000001;4001,105975569495;Jan;Bexley
E09000005;426,6467215196369;134,02533369579675;8,552928291779747;3,383104791992208;0,5924558075659491;9,914390386397244;5,268881499916827;18,97639669461569;1,6484568151420247;0,1527574944642956;76,97635462627916;30,44794312772789;39,657561545588976;21,07552599966731;75,9055867784628;3,09880974278406;1,0693024612504671;178,12557960864044;0,432146549616309;0,1709352648542957;0,2226382175582;0,1183183574530526;0,4261352409083237;0,0173967700180538;0,0060030820031565;0,4175013439085855;1,6309255351140055;0,7024013959369068;1,5578028460196962;0,6709091678806988;0,0071477267743731;0,1224921160380981;0,012704042781374;0,0310461316425618;0,0203029461365596;0,2697763519682329;0,1635651322233104;0,0471801795935291;0,0220797446300684;0,0516294850208046;0,0165101391803337;0,0283111643279462;0,002699750291371;0,1525608091675891;0,0080680206836886;0,0341219731632993;0,0098042863768593;0,0657758213130742;0,0278134504213998;0,0284699461008686;0,0179227821843259;0,3474428044037213;0,2466404386795193;0,0497777110693037;0,0514445572201768;0,0498799407326339;0,017033578047039;0,0977989698279371;3,2269389115800298;0,7894723541004525;2,759695111905293;0,7977307882132274;0,5251126342064367;31;2186189,0;208748;323443,0;163939,0;159504,0;75033,0;211885,0;36525,0;35,76641633883278;43,28000000000002;7473,267097966725;Jan;Brent
E09000006;330,0554172444024;104,4727954614848;8,619090589343946;3,385873277730317;0,5833892217591322;10,81666849292921;5,406380822899593;19,245965887118587;1,68433902856429;0,2144722931082373;77,57181530408117;30,47285949963739;43,26667397171684;21,625523291598373;76,98386354847435;3,1513576564331016;1,50130605175764;180,83386585230312;0,4289673006683289;0,1685130125157322;0,2392620086276046;0,1195877950718651;0,4257159641289274;0,0174268112976525;0,0083021288334555;0,5478894040342251;1,6432740759779447;0,7077196230134166;1,5738965880554283;0,6778403653071688;0,0130590613375006;0,1042244908358954;0,0091895840057073;0,0224796589152553;0,0169862920623057;0,2488661650048411;0,1663229773572727;0,0445312632705406;0,0188887567732839;0,0830323928589628;0,0156953338655704;0,0326272697932768;0,002534354775696;0,1683477433710995;0,0079869545276961;0,0277114368704455;0,0175162643746496;0,0630472835319417;0,0217626605425415;0,0272161679560146;0,018211588166386;0,3479060374692806;0,2113103414048764;0,055708086839978;0,0451662276583991;0,0812511075968564;0,0200116818375479;0,1084088169961772;3,2538255510793084;0,7960501850296882;2,8107216866261964;0,8124807761725223;0,1461036225828016;31;413864,0;62538;325303,0;156274,0;169029,0;72176,0;196323,0;56804,0;39,85342895685855;150,1400000000001;2166,664446516584;Jan;Bromley
E09000007;351,5500887427446;106,75507632469233;8,456277460413604;3,3716029031949764;0,5582524745651224;9,3038006886185;5,34345977327324;16,536399850492337;1,6796180852756368;0,2198397316217432;76,10649714364727;30,344426128755305;37,215202754474;21,37383909309296;66,14559940196933;3,183411864492883;1,5388781213523075;168,34822562455474;0,4520778099163203;0,1802479712285685;0,2210608553574556;0,1269620693286085;0,3929093945396567;0,0189096846888807;0,0091410415265336;0,4788740808646125;1,7014078713641625;0,7327564859180957;1,595529281802035;0,6871570593918133;0,0121139538540075;0,1250080067392481;0,0120460178846291;0,0273607264102051;0,0227449625478706;0,3205102573608623;0,1343754064026739;0,0440982082373333;0,0201905700992447;0,0548631478422565;0,014963382512505;0,0202526829855335;0,0019099712533798;0,1370171450976434;0,0072439153634283;0,0249033853464055;0,0203982600627728;0,0777783690836472;0,0259365538002069;0,0260790464274381;0,0207522986181242;0,3939637512917367;0,187212744676284;0,0511595670152805;0,0474251036076863;0,0630916023110452;0,0172295202642641;0,0893714429042865;3,1659296049192007;0,7745463941516235;2,7502534717041085;0,7950015421283161;0,2435024267718601;31;725931,0;79185;243837,0;121808,0;122029,0;46242,0;169330,0;28265,0;35,934275766521246;21,869999999999976;11149,382716049397;Jan;Camden
E09000008;359,10073289489617;111,58634574603305;8,63974992475026;3,3574797892347488;0,5848788348103388;10,541949127688024;5,332272492210317;19,03559045664472;1,650409643948046;0,1710680103890398;77,75774932268551;30,2173181031602;42,1677965107521;21,329089968841267;76,14236182657888;3,0906494047785515;1,1974760727232934;179,51732659555253;0,4331489934554982;0,1683253570906777;0,234895412662617;0,1188135450395554;0,424150488816745;0,0172164406823063;0,0066705320062011;0,4999079928029409;1,6359206571912075;0,7045526779202725;1,561907502851555;0,6726769473571161;0,0108880536440857;0,107518237231353;0,0103477869746617;0,0251417876881239;0,0187878380544195;0,2493369454511614;0,1652078604922889;0,0465870139538731;0,0208972045723621;0,0732979014905156;0,0166216013607482;0,0360531064040987;0,0026289531234651;0,160740966689587;0,0084633161516469;0,034732167322397;0,0127492593952115;0,064793838394029;0,024043058189276;0,0282229397102032;0,0186875358069704;0,3418858112852447;0,2216501973909672;0,0565257591572591;0,0510119957588519;0,0711996790090753;0,0192890112724594;0,1026901740256634;3,278712039646589;0,8021386779490925;2,8206194299027314;0,8153418656136927;0,1562642614401832;31;547480,0;69529;380070,0;184305,0;195765,0;93166,0;237511,0;49393,0;36,89643486745178;86,57000000000002;4390,3199722767695;Jan;Croydon
E09000009;364,43765543633936;110,77529273526098;8,597249590072089;3,416501635110391;0,6026782193689985;9,29994689106132;5,489492392754837;17,264903065867923;1,6784062545421496;0,1814486983256382;77,37524631066644;30,74851471576334;37,19978756424528;21,957969571019348;69,05961226347169;3,1828165365994416;1,2701408882798528;172,8457855703524;0,4476548042831674;0,1778956577639432;0,215219523238558;0,1270379228429722;0,3995446694612219;0,0184141981020645;0,0073484053087477;0,4742808076827436;1,6833147537159916;0,7249642042845647;1,5842597801598206;0,6823035492133419;0,0100326492442077;0,1224867330541438;0,013244485463021;0,028796265857548;0,0229075591474034;0,3018748302708927;0,1466918903687792;0,0518161269706442;0,0214466126664366;0,0563919216091442;0,0176201784171956;0,0211117486232799;0,0023185251280752;0,1366837433716317;0,0077222915318192;0,0244593681278853;0,0143950701478914;0,0788766181732945;0,0297029708671116;0,0266695893116851;0,0214407437052796;0,3688247431506003;0,1952948800236173;0,0581044977569219;0,0490827533816251;0,0595557570046572;0,0190879502051781;0,0933594964200288;3,200494612740826;0,7830027420535048;2,81166880355042;0,8127545543617256;0,4354570003128477;31;1363228,0;157002;344285,0;172747,0;171538,0;81217,0;222669,0;40399,0;36,143459633903646;55,55;6197,7497749774975;Jan;Ealing
E09000010;418,09075861472667;128,45174996055633;8,400781522013974;3,314714594667985;0,6470808502806589;9,558575861341035;5,606154909825644;18,64124431071708;1,626870792815032;0,1587848900625772;75,60703369848696;29,83243135221029;38,23430344536414;22,424619639302577;74,56497724286831;3,045968473818613;1,1114942304388338;176,7540932846446;0,4277526607360061;0,1687792955615923;0,2163135389673361;0,1268690259025006;0,4218571454681333;0,0172328030271603;0,0062883648677311;0,4227648893036754;1,6460173376015252;0,7089010814873552;1,5741868999261308;0,6779653958244111;0,0075370438279342;0,1110596758743486;0,0126727050395222;0,0317781455707057;0,0234083389222675;0,2676877568179188;0,1520968612266467;0,0618698505697924;0,026937384880736;0,0623076697839208;0,02101706518905;0,0249434948291319;0,002201645029009;0,1468608083481248;0,0076168691464337;0,029110446171243;0,0108942387732138;0,0592100520518751;0,0264267474321811;0,0312221533734673;0,0209236920509703;0,354163413993844;0,2029021312262184;0,0670236913039608;0,0596653636477042;0,0643530409913386;0,0197794016170846;0,0943303123113551;3,2795958521633777;0,8023549031604557;2,8420787678592987;0,8215450054130048;0,7929811630035627;31;4224317,0;291284;328738,0;159756,0;168982,0;83274,0;203384,0;42080,0;36,19075068882577;80,84000000000006;4066,526472043539;Jan;Enfield
E09000011;401,8443884519242;118,0214400629392;8,566021976561267;3,2960858203031225;0,6411808013028752;9,530497554272904;5,490144616964168;18,60564929935816;1,6259673672163142;0,1841255357018089;77,0941977890987;29,66477238252164;38,121990217091614;21,96057846785667;74,42259719743264;3,05270777101398;1,28887874991304;177,81895997569112;0,4335544297393142;0,166825699501206;0,2143865323602337;0,1234996452057688;0,4185301567819688;0,0171675043619156;0,0072482639089174;0,4425070128781083;1,6496183939883118;0,7104519720574446;1,57351205356018;0,6776747553142949;0,0111322168646078;0,109397016312953;0,0125822761230696;0,0300692901032814;0,0217850682348156;0,2649823079098724;0,1557109007371633;0,0589021419349105;0,0235529955216496;0,0662865922069355;0,0190942982849652;0,0284714051219476;0,0028710660627174;0,1441164080571;0,0079022675440507;0,0313185456341424;0,0118252033458173;0,0660367333424606;0,0286308050464613;0,0292935104388586;0,0196923752642386;0,348051642428648;0,2136667692624037;0,0634316856897183;0,0531243414173572;0,0649577003312396;0,0196632644030648;0,0934511723755488;3,295830205151426;0,8063266464199204;2,836720603929118;0,8199961486871443;0,4670374730652322;31;1699344,0;151435;274542,0;137569,0;136973,0;66010,0;179854,0;28678,0;34,858640936812435;47,38999999999999;5793,247520573962;Jan;Greenwich
E09000012;408,01259850371537;115,42786774618897;8,586896326977667;3,3446500912566086;0,6266937036830433;9,429659058831188;5,396234700746682;17,956260270775424;1,6179233500338683;0,176297813169217;77,28206694292436;30,10185082105923;37,71863623532475;21,584938802986727;71,8250410831017;3,077537343814545;1,234084692185031;175,0036688651776;0,4416025529296891;0,1720069700038667;0,2155305456160642;0,1233399216311042;0,410420201752659;0,0175855589986828;0,0070517646869207;0,4289173165411067;1,6594637921529003;0,7146921542518316;1,5733651848888237;0,6776115024204262;0,0088010088302655;0,111819772863156;0,0125218581141145;0,0339512493726693;0,0248674259899822;0,2809668806905176;0,150403329559972;0,0513244648090926;0,0218179799539244;0,0547174892669251;0,0184264558385451;0,0286647927389426;0,0026578566557816;0,1416503316882078;0,0086179670509793;0,0359309512396204;0,0128601853373032;0,0642049145825797;0,0281529972054249;0,0322491413278567;0,0207433188940696;0,352719752313726;0,2229161944602827;0,0577457636847861;0,0514663051778698;0,0567513295294363;0,0177771131172972;0,0952731697066705;3,2737093482580715;0,8009147667888413;2,8073482940010392;0,8115056470192289;0,486899032470983;31;1900959,0;170786;268626,0;133429,0;135197,0;61120,0;188145,0;19361,0;32,97352825100698;19,08;14078,93081761006;Jan;Hackney
E09000013;375,3525502728315;106,69336070326678;8,546939745260309;3,3852905313920902;0,6108087643928438;8,76828106918422;5,659217664290872;16,350605736078027;1,6752900873403556;0,2045230104076001;76,92245770747122;30,467614782239075;35,07312427673688;22,636870657163488;65,40242294431211;3,186207171197828;1,431661072854228;169,57961955330592;0,4536067359397001;0,1796655450843363;0,2068239353828244;0,1334881556922457;0,3856738393245034;0,0187888567010039;0,0084424123407364;0,4517875779185302;1,711547093308807;0,7371232111267576;1,60115819605292;0,6895813008070747;0,0101399488914808;0,1154434310291935;0,0139302638115244;0,030894803967217;0,0278208180788989;0,3208320940322005;0,133178024893991;0,0556540940540018;0,0229918260628532;0,0527576331865897;0,0175547329883534;0,0196172934286154;0,0020734610994404;0,127585986735455;0,0070823139919303;0,0247725266015014;0,0176707471467524;0,0773172630418582;0,0279812640950173;0,0270603088480486;0,0244645763673836;0,390277158065556;0,1794981423923336;0,0602864920920232;0,050012386308756;0,0601268128391507;0,0182375972078283;0,0847379987420442;3,202684294181047;0,7835384488049212;2,7877269516197494;0,8058338070916578;0,6607306145308482;31;1781455,0;158803;182183,0;89454,0;92729,0;34398,0;129350,0;18435,0;35,687813901386406;16,4;11108,719512195124;Jan;Hammersmith and Fulham
E09000014;403,24892902776537;115,7113865657404;8,629170129973417;3,380991663639189;0,6248704259057096;9,182068633595536;5,5066912534221055;17,657641544648023;1,6750841838446031;0,1834810217263849;77,66253117007736;30,42892497255353;36,72827453438215;22,026765013688426;70,63056617859209;3,1571881986109247;1,2843671520855249;174,7614177130927;0,4443917438205761;0,1741169496719748;0,210162374596201;0,1260390611493548;0,4041542298228944;0,0180657048902756;0,0073492603166797;0,4333834639919393;1,675427953611102;0,721567544361178;1,5815357263509533;0,6811303630949322;0,0088702649443031;0,1110003680660343;0,0138334646650282;0,0335104519370265;0,0266228107343739;0,2879768889945726;0,1469203244546361;0,0567118928333369;0,0228997785279635;0,0553287993331807;0,0189433848667942;0,025621696417617;0,0023804133217137;0,1370287078858464;0,0079766613248606;0,0302857634334616;0,01408832825925;0,0655588710137151;0,0300906537135885;0,0313611568676866;0,0236514601655888;0,3604842886261253;0,2074234886843636;0,0621069146104951;0,0516873833256349;0,0582107015081699;0,0184331287027568;0,0909919527818748;3,26823306376713;0,7995749908193391;2,8251503943101914;0,8166516080531878;0,5785342300064708;31;2334119,0;178270;268251,0;134472,0;133779,0;60298,0;182741,0;25212,0;34,982777323655164;29,599999999999994;9062,533783783783;Jan;Haringey
E09000015;422,546862938905;139,35274680778016;8,246375833640561;3,338826727689204;0,5826160859566591;9,72665473911849;5,12529064882295;18,5368605347418;1,6750963891244055;0,1550855102505854;74,21738250310362;30,04944054913939;38,90661895647396;20,5011625952918;74,1474421389672;3,1453932622215373;1,0855985717547;173,09697907130055;0,4287618588221153;0,1735988733619764;0,2247677525351144;0,1184374372405837;0,4283578057617346;0,0181712776219272;0,0062716205538603;0,4096515540723069;1,6352851409496592;0,7042789759727627;1,56325599758782;0,6732577124287108;0,0073413747745548;0,1283240443160706;0,0131153691423818;0,0308481256978063;0,0177999945757563;0,292200615651655;0,1559724312816131;0,0441702941296123;0,0199889029015183;0,0539344977376383;0,0188729777741616;0,0230140487910716;0,0023002183258071;0,147595364983795;0,0066113619823802;0,0271839361024097;0,010726441831767;0,066343374396837;0,0246018350760665;0,0282935773740213;0,0158647089132716;0,3743992643402712;0,2333515371452496;0,0470519484455013;0,0439069612689637;0,0534222205739159;0,0188274014749161;0,0939371709909855;3,1683521587160044;0,7751390732513221;2,7117718112893665;0,783877847644105;0,8111450370837024;31;2524668,0;220958;246818,0;122713,0;124105,0;57186,0;152725,0;36907,0;38,0376066576336;50,42000000000003;4895,239984133277;Jan;Harrow
E09000016;334,56633815772324;104,66232109848788;8,697017985176341;3,3137192400480493;0,5984915999205856;10,857150210491062;5,48405682924171;20,112210082758214;1,7548513329070876;0,142927736793309;78,27316186661267;29,82347316044473;43,42860084196425;21,93622731696684;80,44884033103286;3,2771363084027643;1,000494157553136;184,9358599805426;0,4232449124515273;0,1612638736672407;0,2348306101722696;0,1186153259799088;0,4350094153697233;0,0177203940260561;0,005409952172923;0,5527629019670205;1,6210915899646106;0,6981661462876827;1,5560634666035598;0,6701600579405733;0,0082274785062183;0,0934162826598518;0,0079846435819307;0,0212364923073365;0,018056511155952;0,2525483212590412;0,1731181738813693;0,04375654064305;0,0217973253467624;0,09441653127656;0,01546049017964;0,0306665818671692;0,002168168966853;0,1715628740091467;0,0088576929525835;0,0273825286053759;0,0093433628011586;0,0595238617011361;0,0213274449769551;0,0265604403838411;0,0181068106789119;0,3613957382258953;0,1991906508718893;0,0532767524483898;0,0496611509580697;0,0786843325608496;0,0191022324575834;0,1131705847364782;3,2016400249053336;0,7832829677605004;2,792741064401289;0,8072832107319918;0,103888956570894;31;245137,0;36461;249375,0;119743,0;129632,0;54279,0;149202,0;45894,0;40,05118796955948;112,44;2217,8495197438638;Jan;Havering
E09000017;381,308470403776;127,08682927080392;8,293405961479136;3,3462965885276774;0,6110761433936923;9,761097044005815;5,429002361327076;18,120803284181115;1,652407574821115;0,1986889705201364;74,64065365327912;30,116669296625403;39,04438817602328;21,716009445308305;72,48321313672446;3,122144075850951;1,3908227936412312;173,35284310486554;0,4305706922160319;0,1737304607020899;0,2252307344760669;0,1252705698756364;0,4181253208110208;0,0180103424895217;0,0080230746074345;0,4546262581612686;1,6604144651971096;0,7151015868463648;1,5850789923568889;0,6826563647027071;0,0093154495315131;0,1170990912040286;0,0101698289043909;0,0283573813336849;0,0197838588218871;0,284149000660496;0,1473280933121871;0,0544204761516995;0,023998883231803;0,0646122785044095;0,0214486706710044;0,0218196341808621;0,0018923016670091;0,1483866964988541;0,00657393871476;0,0242018144898088;0,016442602121601;0,0669763231719306;0,0206099600950691;0,0297690988802153;0,0191498872142377;0,3762832626549732;0,1879412968569368;0,060858588431906;0,0517781625279942;0,0713322369067483;0,0219821840956692;0,0933189991643192;3,2260076048509507;0,7892445094043049;2,7997495498477165;0,8093091173603149;0,2842616867834219;31;1073743,0;96047;296056,0;147929,0;148127,0;70644,0;186478,0;38934,0;36,37235860789824;115,70999999999998;2558,603405064385;Jan;Hillingdon
E09000018;342,60218711003847;108,5330991858566;8,960518545007483;3,5581875663135643;0,5890135399361498;10,461473376910948;5,426942404080199;18,69254710379064;1,7220797842717024;0,1761502957469933;80,6446669050824;32,0236880968511;41,84589350764379;21,7077696163208;74,77018841516255;3,2456591142243774;1,2330520702288943;181,6013361209941;0,4440752949711335;0,1763405973814803;0,2304272336397539;0,1195352968210417;0,4117270831385624;0,0178724407185083;0,0067898843508913;0,5300647309138938;1,6558391326143709;0,7131310983575898;1,5661643761421151;0,6745102828940491;0,0107702176996462;0,1087321158475219;0,010793759159099;0,0256896176278448;0,0201809161158946;0,2836392742168051;0,1544378593750919;0,0452054875141984;0,0186860334406431;0,0683820543454591;0,0167438630357889;0,0236532813851794;0,0022952922966459;0,163389499332011;0,0096461130107761;0,0250951957766621;0,0126594198207317;0,0719663621906837;0,0263771790038748;0,0255354944909254;0,0201787732060728;0,368769416674488;0,2004294103614594;0,0543422500974527;0,0427801586910735;0,0650541210952381;0,0200396181339129;0,104527216054818;3,195580492409561;0,7818004998504268;2,7887104091853616;0,8061180900820524;0,0707435794979836;31;235613,0;31179;266412,0;134797,0;131615,0;62349,0;173737,0;30326,0;35,741396784053656;55,95000000000002;4761,608579088471;Jan;Hounslow
E09000019;362,9903858451344;108,49080473531887;8,45522691750544;3,319798031322976;0,6044092328512366;9,209148966833949;5,56624077961883;17,023207813331467;1,6671244632734867;0,2187373553651527;76,09704225753906;29,87818228170548;36,83659586733579;22,26496311847532;68,09283125332587;3,1643550900589488;1,5311614875566868;171,15035320708412;0,4446210062182291;0,174572717624218;0,2152294469574666;0,1300900798699242;0,3978538751301123;0,0184887441408328;0,0089462946401521;0,4715010641634554;1,6951719200486428;0,7300708078692145;1,5990384066872698;0,6886683572192359;0,0124872287103173;0,1103485244865139;0,0122776192025217;0,0274851898855967;0,0234774102802582;0,2985057018367749;0,1430121000810948;0,0523577060701997;0,0232975813582696;0,0622185161937662;0,0189141082089039;0,0246617612696609;0,0024500258862015;0,1365508583681155;0,0074680545946862;0,0264394331609113;0,0180481804062071;0,0669458425898065;0,0264497506611074;0,0270424389205232;0,0220981267563817;0,3720584218401645;0,1943492504271138;0,0613504381112003;0,0519711794930375;0,0703522296897623;0,0204211116191871;0,0869612098917154;3,247096097287674;0,7944038205114053;2,8113609184393984;0,8126655556055823;0,4347024697735828;31;1199659,0;131864;227507,0;113683,0;113824,0;40109,0;167416,0;19982,0;34,48417411350173;14,899999999999991;15268,926174496652;Jan;Islington
E09000020;375,6713688793893;103,80774597430462;8,36314239510417;3,341832117391057;0,5849517907495164;8,535685102138256;5,507112937614263;16,017044584180507;1,6478021881294778;0,2403797552640167;75,2682815559505;30,07648905631359;34,142740408553024;22,028451750457048;64,06817833672201;3,1404933444249665;1,6826582868489348;166,18806327456767;0,4529102757013057;0,1809786362731883;0,2054464065336875;0,132551347650419;0,3855161259739319;0,0188972257245479;0,0101250249488071;0,4423761751402539;1,7179670018513908;0,7398881152410236;1,6094036278589527;0,6931324149971257;0,0101447689122854;0,1200436860582394;0,0153218963421164;0,0314487836280847;0,0286654450576027;0,3296226075351389;0,1302272922529036;0,050258974060226;0,0222161024080291;0,0494433911302708;0,01558198844532;0,0190361528023453;0,0029422183620317;0,1216077693394955;0,0075179563586634;0,0258220852325352;0,0200988820747111;0,0827899158073524;0,0334535241916942;0,0256609080914193;0,0247143284000196;0,3860873113702325;0,180892533368505;0,0562020206017228;0,051973769533205;0,0553703849269091;0,0166550410278845;0,0862002626810552;3,1939319385807057;0,7813971802624862;2,794935107234205;0,8079174313424227;0,485429142724631;31;1187885,0;109238;158589,0;78878,0;79711,0;28328,0;107647,0;22614,0;38,88847271913068;12,11;13095,706028075969;Jan;Kensington and Chelsea
E09000021;309,3063720744835;99,15155588139577;8,730198356041493;3,282508210472036;0,5988686627461286;10,391524519579557;5,5634342323533685;18,86864952004596;1,8291804439804864;0,1694369254999891;78,57178520437122;29,5425738942396;41,56609807831822;22,25373692941348;75,47459808018384;3,44105235689921;1,1860584784999169;180,92723104937176;0,4342728551620314;0,1632842868533038;0,2297393147357436;0,1229982728434109;0,4171544418296447;0,0190189853508574;0,0065554448140327;0,5849450492594541;1,660758991613416;0,715249966297505;1,5768753639574042;0,6791232542599037;0,0108049500878603;0,0978988297753019;0,009776797397839;0,0202639548360563;0,0204695853740606;0,2819381612891165;0,1635136650839346;0,0396866938348226;0,0211986390997121;0,0883276629154671;0,0150110292743111;0,0271432310165626;0,0022432422327737;0,1563165962537854;0,0084682394287209;0,0238905297790406;0,013048192320634;0,0708832473623962;0,0245909616162758;0,0239563771075832;0,0203947611137747;0,3750709001349746;0,1845015070059836;0,0486340037232916;0,049815858217694;0,0795238591527109;0,0183474628830695;0,1042810616822453;3,1860161746390507;0,7794605843228803;2,790223265864716;0,8065554037353138;0,0;31;74649,0;12364;171609,0;84301,0;87308,0;37534,0;111139,0;22936,0;37,07246123485866;37,26;4605,716586151369;Jan;Kingston upon Thames
E09000022;400,45552191967766;107,14733720251252;8,36765517348801;3,233230372319132;0,6242120399597525;9,112984575553432;5,5582214788862485;17,44356553258844;1,6459301697798143;0,1960582389745849;75,30889656173359;29,099073350848627;36,451938302213726;22,232885915545;69,77426213035376;3,119131121018899;1,3724076728231984;171,8075834014603;0,4383327852633861;0,1693701335805023;0,21216722557023;0,1294057309658662;0,406118640102825;0,0181547930496785;0,0079880506183263;0,4290303766517197;1,679154609689237;0,7231725277740323;1,5919469364572376;0,6856142272288857;0,0102810320802202;0,1101693114304189;0,0131150328027614;0,0317958588474355;0,0272632792237034;0,2927268237839501;0,1459108117051668;0,0559615211414126;0,0243847521552269;0,0539973021082212;0,0194033672037151;0,0266485120610739;0,0027424181246515;0,1314195100280414;0,0078669957568416;0,0313308621211339;0,014982609426025;0,0696088598713663;0,0277246774473366;0,0298298472064922;0,0242985040279004;0,36027651257815;0,2076395604156725;0,062462089486569;0,0552882075936205;0,0577835433484458;0,0191552046564186;0,0859329933680277;3,27529715236256;0,8013032239237822;2,8260807027983432;0,8169205275147374;0,6097306715075267;31;2802708,0;236107;320736,0;160869,0;159867,0;62418,0;233025,0;25293,0;34,32011997347239;26,82;11958,836689038031;Jan;Lambeth
E09000023;403,3811733828388;109,09543856052989;8,406822958037202;3,2441703087164244;0,6406344231440976;9,396685662680325;5,507019103433431;18,274892537780133;1,6322566358376207;0,1883333578065488;75,66140662261441;29,19753277835321;37,58674265072129;22,028076413733725;73,09957015112053;3,077826127114918;1,3183335046466929;175,1852128193215;0,4318937963140093;0,1666666513027346;0,2145543110963746;0,125741642569185;0,4172702077686905;0,0175689835779076;0,0075253697696869;0,4342919907495475;1,6570043778038628;0,7136329421451119;1,5809648769501343;0,6808845116398092;0,0102497197320397;0,1075445392383539;0,0120172408871635;0,0312008341714786;0,0246288793255434;0,2709870749315911;0,1519810733073522;0,0594615832803021;0,0226945686503985;0,0605294839655383;0,0203248141947956;0,0296068188928869;0,002971987756082;0,1417957186585421;0,0079851881951079;0,0330159295185547;0,0130045452942687;0,0646215950022555;0,0263244482600242;0,0308775394143955;0,0225782096808576;0,3540868252061128;0,2102215390382809;0,0663824767166309;0,0518145261940594;0,0631537073022745;0,0202444133854241;0,0896947197996842;3,3012715412219578;0,8076578722394234;2,8339067842266834;0,8191827723835702;0,6374725134702377;31;2585313,0;223142;294999,0;144943,0;150056,0;67332,0;200119,0;27548,0;34,88531147537555;35,170000000000016;8387,802104065959;Jan;Lewisham
E09000024;343,53584795257586;107,68671053881016;8,500870626134384;3,360760015307899;0,5794746458015897;9,91194945663201;5,428376848370041;17,679748004380862;1,6949720673262827;0,2154596354497151;76,50783563512711;30,246840137829704;39,64779782652804;21,713507393480164;70,71899201752345;3,210657207657704;1,5082174481481008;173,65920970192687;0,440563076190702;0,1741735447820254;0,2283080632151933;0,1250351618595396;0,4072285722070677;0,0184882633818762;0,0086849263608699;0,5055053518778628;1,6786231569503047;0,7229436435376504;1,5897697448726231;0,6846765618509575;0,0136037933852972;0,1151346069055495;0,0112832069473201;0,024642049541942;0,0187245541251002;0,2880234533935998;0,1530400971552188;0,047664845436051;0,0210502974218284;0,0663971348492779;0,0167314282178154;0,024691039700077;0,0022483904154623;0,146349072925718;0,0075058079121683;0,0245028143556633;0,01840740731191;0,0705945304582841;0,0249371618834899;0,0254020312726714;0,018688603677097;0,3643550703768929;0,2029141589362639;0,0590696617440641;0,0503969855006006;0,0701614405605871;0,0195629547855468;0,0939174008045017;3,2198003025660293;0,7877258895352072;2,8011086377712817;0,8097019818748908;0,3600896747981026;31;535480,0;76756;205965,0;101313,0;104652,0;46260,0;134778,0;24927,0;36,5931638868283;37,63999999999999;5471,971307120086;Jan;Merton
E09000025;438,27497773089465;142,1121967079462;8,872272109393199;3,5462317513247563;0,5835103994345735;10,508765830349097;5,080082851452594;19,639043588245556;1,58883415677866;0,1354204496488747;79,85044898477857;31,916085761886;42,03506332139639;20,32033140581037;78,55617435298221;2,978532856999494;0,9479431475423222;182,65343074822755;0,4371691714613657;0,1747357584861335;0,2301356352804465;0,1112507513413216;0,4300832129524319;0,0163070184052833;0,0051898458389702;0,4167553249192761;1,605936944538805;0,691639395756874;1,5340936999601316;0,660698194460906;0,0086619601997711;0,1209864889408216;0,0135404476570623;0,0347783256443277;0,019998859727028;0,2553417968233405;0,1601848417753697;0,0434491023876963;0,0175443339894801;0,0513046427330814;0,0162312567630236;0,0304247164158751;0,0024886163727916;0,1733062097267635;0,0075181606103869;0,0369983313221817;0,0072419089109981;0,0647103925846441;0,0326862476666321;0,0305281709536226;0,0170273736200883;0,329771969354967;0,272859776178617;0,0449689773654674;0,0386943547399763;0,0466638329494644;0,0167222461655732;0,1053666584209472;3,228372002002904;0,7898229604493129;2,739567788348006;0,7919126869248965;0,5847538603179906;31;2480212,0;233930;336254,0;176602,0;159652,0;83982,0;228855,0;23417,0;32,038271663511786;36,20999999999998;9286,219276442976;Jan;Newham
E09000026;406,415786238559;124,78593963692911;8,811026195277543;3,50226447638191;0,6195502798591654;10,081818453521937;5,341930225579204;18,94918613371957;1,6824460457265569;0,1593240915112301;79,29923575747287;31,52038028730968;40,32727381408776;21,36772090231681;75,7967445348783;3,1599965928976834;1,115268640578696;180,7389664282292;0,4387500787715433;0,1743972587108177;0,2231244020646847;0,1182242065703184;0,4193713510305866;0,0174837593428006;0,0061706042842818;0,4447144342029533;1,6403519658269918;0,7064611386712929;1,5587729330946904;0,6713269616431887;0,0085941825957595;0,1115342708341307;0,0120428280168311;0,0318250134603067;0,0236263469875705;0,2733973303937554;0,1530086018377465;0,0499358243193933;0,0199518746188372;0,0637482680221386;0,0197911164527052;0,0247363438489587;0,0019979943504987;0,1586070687662193;0,0072086003067163;0,0287412635591858;0,0112530716292457;0,0638693769216749;0,0270279207772069;0,0300822939759398;0,0217231604830501;0,3678720029248557;0,2118585181833292;0,0543834167726723;0,0437850176944314;0,060910496608612;0,0204375213609171;0,0980502742973099;3,23691032903139;0,7919118667856149;2,7865920313580506;0,8055057415633251;0,3373780111640637;31;1156589,0;92933;297928,0;148700,0;149228,0;75418,0;186229,0;36281,0;35,736751833023945;56,38000000000002;5284,285207520396;Jan;Redbridge
E09000027;331,58554034016595;102,01286399301954;8,786071396038071;3,464595593256261;0,5678144215441276;9,4701035641112;5,5211689250744485;17,05070069460396;1,7389582669095554;0,2392513286267464;79,07464256435782;31,18136033933837;37,8804142564448;22,0846757002978;68,20280277841584;3,2905813026643043;1,6747593003871049;174,32746164609722;0,4535983132989541;0,1788665999315687;0,2172945897264652;0,1266850070078572;0,3912338431042757;0,0188758631118287;0,0096069734772312;0,5257390339375435;1,7047725158102822;0,7342055594072915;1,5971238080033168;0,6878437844479393;0,0137962133190253;0,1099473152466137;0,011073501795163;0,02699879561398;0,0221470035903261;0,3123869104359193;0,1404222771457763;0,0471822504323802;0,0195669918318654;0,0685986312238502;0,0140759048592124;0,0211252732700507;0,0021119565279434;0,140844668451365;0,0067183049551066;0,0214734606976306;0,0215305406037912;0,0738316229604751;0,0232871957565116;0,0261645188685577;0,0219207954981031;0,3904659068603859;0,1774999145305018;0,0558355635252032;0,0435199091097928;0,0738104474886467;0,0178873445629048;0,0957767808389168;3,183879121909777;0,7789377532141284;2,7694223438772427;0,8005425888337528;0,0933013348733155;31;240676,0;30657;194124,0;94288,0;99836,0;44364,0;120918,0;28842,0;38,72640168136149;57,39999999999999;3381,951219512196;Jan;Richmond upon Thames
E09000028;392,63833647841966;110,8791043789656;8,248822638318043;3,21437623401364;0,6355452510399328;9,02020614074259;5,6362137819104285;18,06210802153412;1,6458434393942167;0,1912141666413285;74,23940374526161;28,929386106243573;36,08082456297036;22,54485512764172;72,24843208613649;3,1143721542832687;1,3384991664903538;173,48556227915955;0,4279284268382017;0,1667538539010678;0,2079759496350013;0,1299523420361878;0,4164521308688495;0,0179517656303402;0,0077153346301898;0,44184570420493;1,6652653365700998;0,7171907434329411;1,5911608807894515;0,6852756914794295;0,0107946730742086;0,1079939174306807;0,0133571154243847;0,029651704793511;0,0253761804878529;0,2893401577594611;0,1508258901461064;0,0604014233146556;0,0240984470245305;0,0602537084634044;0,0197560407167781;0,0241152701048118;0,0027031817778959;0,1336708617684422;0,0077312311868724;0,0268213241159266;0,0131088724104765;0,0656858162115529;0,02797132366363;0,0286932743596233;0,0223007132338994;0,3619547926131599;0,2039205605224231;0,0664997380756495;0,0515731353330885;0,0660716547823199;0,0195319149847096;0,0857970762199433;3,261871113917396;0,7980185363396726;2,8246692114852614;0,8165125150234722;0,7073220579944576;31;3512139,0;305622;308434,0;153470,0;154964,0;62902,0;221000,0;24532,0;34,20065556959368;28,86;10687,248787248787;Jan;Southwark
E09000029;310,1728500019683;102,48106615749714;8,889174877462024;3,405888641593128;0,5816743282358787;11,38151820546146;5,375836500950184;20,031862433731472;1,7711923577073188;0,1791654748924697;80,0025738971702;30,65299777432296;45,52607282184584;21,503346003800736;80,12744973492589;3,3071136340901903;1,2541583242472698;186,1946415942405;0,4296717306801642;0,1646287858332822;0,2445079645259463;0,1154885329657408;0,4303424043187098;0,0177615940274861;0,0067357380078657;0,6002931642568294;1,6291250631528231;0,7016259748697571;1,5586536036863017;0,6712755692643068;0,0101878222902525;0,0989046836380061;0,0086696862100548;0,0185563906001028;0,0137134110384803;0,2473809015971795;0,1776093748039597;0,0364227193455704;0,0176906766370149;0,0955923867357565;0,0138514234094074;0,0351806080072268;0,0026222350476142;0,1751000589689221;0,0079043448803683;0,0276401139229389;0,0129731628671442;0,0689786584829761;0,0232068227931129;0,0235212856643768;0,0163239351732808;0,3480748791469567;0,2082434069482944;0,048985105291543;0,0431160694990312;0,087762188214507;0,0196984964774339;0,1120891523084866;3,188330974864707;0,7800269014529825;2,7998930943566043;0,8093506110288452;0,035084130995112;31;113013,0;19609;199870,0;97427,0;102443,0;46142,0;123600,0;30128,0;38,44916195551449;43,8;4563,242009132418;Jan;Sutton
E09000030;386,90831233374365;116,87633590282728;8,66013621767037;3,416923994557565;0,5967338845089079;10,101338720219536;5,386587084158203;18,731638997738877;1,6738623726874768;0,1646076118831755;77,94122595930446;30,75231595091066;40,405354880878136;21,54634833663281;74,92655599095549;3,118708846753904;1,1522532831829326;178,68509241703998;0,436193220738272;0,1721034224787854;0,2261260541342449;0,1205827976199881;0,4193218078656585;0,0174536599811865;0,0064485137937172;0,4618280009009159;1,6451810913151503;0,7085409298150376;1,5647481498336226;0,6739003474220545;0,0100806775778669;0,1092455786881576;0,0128387796573274;0,0294362464085924;0,0244611497204175;0,2806189527375091;0,1480451487705419;0,0475036702546729;0,0198107175146902;0,0561638634207639;0,0181020547242083;0,0251469647890546;0,0019807625472;0,1668645573988252;0,007227958992093;0,0303317019716101;0,0121412148264683;0,0661900258693164;0,0295612515933465;0,0278699682238584;0,022083547788219;0,3620145937036917;0,21185015228668;0,0539940279911433;0,0434480430301485;0,0592062550126034;0,0200167184635287;0,1037654160374634;3,222704291853596;0,7884363520887159;2,797387379229228;0,8086262969207482;0,5684562709823857;31;2257828,0;222042;293828,0;152762,0;141066,0;64797,0;211354,0;17677,0;31,51472630207743;19,75;14877,3670886076;Jan;Tower Hamlets
E09000031;416,7668706698464;123,37797861775488;8,645422735903319;3,423256910616634;0,6378876403553527;9,431525354555587;5,507817366459634;18,40415163357552;1,6265798347192189;0,1692400342292592;77,80880462350427;30,809312195711644;37,72610141822235;22,031269465838538;73,61660653430208;3,0691496323672145;1,1846802396057343;177,71051049531982;0,4378401953077133;0,1733679798107554;0,2122896463077568;0,1239727993827284;0,4142501550927729;0,0172705014678805;0,0066663487505818;0,4264026797756153;1,65283378280519;0,7118367646459653;1,5710980578425155;0,6766351039474072;0,0085863195712927;0,1116911953847975;0,0136110907988818;0,0339473648068542;0,02426678317019;0,2738940176752276;0,1502784095190406;0,0580140776740472;0,0229531490286197;0,0595069955936278;0,0210693702016998;0,0254809389421811;0,0023767164194616;0,1453553437887079;0,0069118907460246;0,0300335591022151;0,01202277757713;0,0634229550531409;0,0282407992553055;0,0320262632326897;0,0219621773436757;0,3568679935992502;0,2124833423050542;0,0619506426063787;0,0511282291324275;0,061472629917813;0,0201192428536003;0,0903257247006639;3,2760902886561287;0,8014972651479774;2,824942602726168;0,8165915428150418;0,8414257983190889;31;3859019,0;285167;270671,0;135651,0;135020,0;65030,0;177768,0;27873,0;34,99062330293475;38,85999999999999;6965,285640761712;Jan;Waltham Forest
E09000032;357,9938825327633;107,3562810939258;8,385318111942292;3,3305661422173847;0,5936022973254723;9,245192899005326;5,502605756976815;17,030807717593134;1,6643947124855458;0,224433202124638;75,46786300746116;29,97509527983933;36,980771596021306;22,01042302790726;68,12323087037254;3,167725215618049;1,5710324148728725;170,34027453626038;0,4430418068358596;0,1759718619771187;0,2170994011645156;0,1292144390857013;0,3999243928415247;0,018596454797563;0,0092229064391841;0,4758189534723989;1,693468198768706;0,7293370550524549;1,5998480980195064;0,6890170722953054;0,0125284002196642;0,1140517826185271;0,013245808612131;0,0274445724622855;0,0234752716191624;0,300316844156823;0,1440577587784944;0,0489547103985183;0,0226986400198128;0,0616109789057705;0,017256834896467;0,024817215647848;0,0025950532470469;0,1345766617493458;0,007308682122129;0,025992257911682;0,0190685266342913;0,0701757539536611;0,0284194381841802;0,0256307453726578;0,021437102825856;0,3680651835629425;0,2010420925956488;0,0572553385689186;0,0507050017182309;0,0703161448945218;0,0190672272401;0,0878859710832819;3,239836840959735;0,7926278395154001;2,8062679078347403;0,8111933453797116;0,2926708822233692;31;1022050,0;115911;319477,0;154118,0;165359,0;61036,0;229044,0;29397,0;34,811995855617546;34,25;9327,795620437955;Jan;Wandsworth
E09000033;386,1533439710992;112,12403483333108;8,414043006597383;3,3926443978080445;0,552033130034849;9,388215021658636;5,324633195649634;17,060554301675857;1,6012300569628397;0,1951534695095427;75,72638705933865;30,53379958002005;37,55286008663454;21,29853278259853;68,24221720670343;3,049319202049203;1,3660742865672049;169,68253053746642;0,4462827541496268;0,1799466302353269;0,2213124708105573;0,1255198912647979;0,4021758574117642;0,0179707315325304;0,0080507656400466;0,4394174832010932;1,6779745685702887;0,7226643117265387;1,583972217638108;0,6821797027762599;0,0093983359316633;0,1341727588124324;0,0151658325856738;0,0304010297801596;0,0239160074186017;0,3064880925983413;0,1385279465460404;0,0425705386901005;0,0207684461531638;0,04723843572573;0,0157412177013933;0,019278812750807;0,0021241490042767;0,1410546377063739;0,0081611442203929;0,0285566134606003;0,0164360009142482;0,0890630108750353;0,0340484979553169;0,0237125105689594;0,0219745863265315;0,3660260313503298;0,204026524610226;0,0463946058306613;0,0479767436927956;0,051425954805438;0,0176073725421745;0,097744161442531;3,183760510297116;0,7789087348187891;2,790847586821112;0,8067358729641411;0,3688368316005881;31;1213909,0;126160;238047,0;123356,0;114691,0;42610,0;167188,0;28249,0;37,15795200098674;21,499999999999982;11071,9534883721;Jan;Westminster
