area_id;weight;volume;fat;saturate;salt;sugar;protein;carb;fibre;alcohol;energy_fat;energy_saturate;energy_sugar;energy_protein;energy_carb;energy_fibre;energy_alcohol;energy_tot;f_energy_fat;f_energy_saturate;f_energy_sugar;f_energy_protein;f_energy_carb;f_energy_fibre;f_energy_alcohol;energy_density;h_nutrients_weight;h_nutrients_weight_norm;h_nutrients_calories;h_nutrients_calories_norm;f_beer;f_dairy;f_eggs;f_fats_oils;f_fish;f_fruit_veg;f_grains;f_meat_red;f_poultry;f_readymade;f_sauces;f_soft_drinks;f_spirits;f_sweets;f_tea_coffee;f_water;f_wine;f_dairy_weight;f_eggs_weight;f_fats_oils_weight;f_fish_weight;f_fruit_veg_weight;f_grains_weight;f_meat_red_weight;f_poultry_weight;f_readymade_weight;f_sauces_weight;f_sweets_weight;h_items;h_items_norm;h_items_weight;h_items_weight_norm;representativeness_norm;transaction_days;num_transactions;man_day;population;male;female;age_0_17;age_18_64;age_65+;avg_age;area_sq_km;people_per_sq_km;Local Authority;Number of entries;*;A;B;C;D;E;F;G;U;No Result;% *;% A;% B;% C;% D;% E;% F;% G;% U;% No Result
E09000001;323,1747500336382;98,84296340620392;8,47298454299954;3,361599313068192;0,5304962759067361;9,27806507392124;5,253333285337159;15,77963916657501;1,6198500693501017;0,3407193860072769;76,25686088693159;30,25439381750264;37,11226029568496;21,013333141348635;63,11855666630004;3,0779649617897333;2,385035702052359;165,85175135845947;0,4597893013629731;0,1824182956748708;0,2237676719823917;0,1266994949961788;0,3805721443958728;0,0185585315595326;0,0143805276852188;0,5131952646089971;1,7312080345298813;0,7455907176203331;1,61820832222971;0,6969243904636118;0,0263071410822639;0,1211010203836257;0,0117556529894114;0,022850821997964;0,0213070208485295;0,3228724640701523;0,1222889296792965;0,0464647274301241;0,0180639162531962;0,0571078175974093;0,0113805237381469;0,0219610923635547;0,0032928012055435;0,1396971713010091;0,0049584392058161;0,0226055451798295;0,0259849146741265;0,0833794429489279;0,0283474296429776;0,021973172122303;0,0207505237395812;0,4000268799136483;0,169268794024567;0,0549173705946522;0,0428927018397932;0,069720184494415;0,0142082755944994;0,0945152250846347;3,185382621431881;0,7793055851872854;2,745679157527354;0,793679268795289;1,0;365;842113,0;103883;6687,0;3697,0;2990,0;1018,0;4349,0;1320,0;43,9101241205279;2,9;2305,8620689655168;City of London;1075;814;192;53;9;5;1;1;0;0;0;0,7572093023255814;0,1786046511627907;0,04930232558139535;0,008372093023255815;0,004651162790697674;0,0009302325581395349;0,0009302325581395349;0,0;0,0;0,0
E09000002;421,3041248991111;122,3412937561377;9,209958879426454;3,5968337176736327;0,6030812875842949;10,793244450126377;5,1938716124516215;19,78498758058572;1,5903352530824315;0,2025403443169468;82,88962991475458;32,371503459633324;43,17297780050551;20,77548644980649;79,13995032234287;2,9515408296267256;1,4177824102192031;187,1743899263307;0,4428470687008987;0,1729483583324317;0,2306564365856772;0,1109953474830795;0,4228139883532746;0,0157689352201891;0,0075746602447975;0,4442738128214457;1,6216990993842144;0,6984277863535149;1,5452723679586886;0,6655125847183698;0,0107828201356852;0,096583371752897;0,0112659481802122;0,0314484841573314;0,0207173233081827;0,2481163042231629;0,1576176816416866;0,0510757640294763;0,0202543391363931;0,0619593035288491;0,0143443867961462;0,0370770720815995;0,0038224623025291;0,1797941361186461;0,0067702906468424;0,0394576229775308;0,0089126889828286;0,0573674340313103;0,0295135413881681;0,0299376006342372;0,0188413876839689;0,3382063494623284;0,2394024420382601;0,055799484308139;0,0493751060274418;0,0521760465558114;0,0146672415181028;0,1147133663522315;3,2760654838472147;0,8014911966380296;2,785400499010755;0,805161311472302;0,1733766046626172;365;4649347,0;397127;203101,0;99442,0;103659,0;60281,0;123180,0;19640,0;33,01732143080059;36,09000000000001;5627,625380991963;Barking and Dagenham;18518;731;2321;4225;5112;3228;1525;777;331;203;65;0,03947510530294848;0,12533750945026462;0,2281563883788746;0,2760557295604277;0,17431688087266445;0,08235230586456421;0,041959174856895994;0,01787450048601361;0,01096230694459445;0,003510098282751917
E09000003;407,170490779264;114,9337708021072;8,594464256148441;3,4073529420667685;0,5672109731463423;9,530548060564934;5,1296270223761615;17,025949985282526;1,6386388860507477;0,2277609618400551;77,35017830707292;30,66617648422981;38,122192242259736;20,51850808950465;68,1037999411301;3,088691223786064;1,5943267328860569;170,65550429436843;0,4532533458378785;0,1796963807937473;0,2233868306790838;0,1202334971517338;0,3990718038819068;0,0180989838948194;0,009342369233728;0,4191254232784873;1,6830803031630872;0,7248632319274013;1,5815069988986834;0,6811179908546664;0,011297564588163;0,1064669783968011;0,0127726757951423;0,0324303414048535;0,0242769540836842;0,3273261657982925;0,1327810441728612;0,0503899088468217;0,0201992926861754;0,0480645643515767;0,0145551453426259;0,0237971603033294;0,0030192628034778;0,1416068049223174;0,0061405963857063;0,0292420302407602;0,0156335098774106;0,0634248660061356;0,0273394469573201;0,0288338724724535;0,0219493787098046;0,4051634611282172;0,1912071814931812;0,055558901613475;0,0486923116971656;0,0490651274737716;0,0141322130537208;0,0946332393947545;3,1733689798881017;0,7763664412707859;2,7133541630020432;0,7843352498671035;0,72043904417034;365;58025525,0;4131210;378778,0;186357,0;192421,0;88754,0;237036,0;52988,0;37,195581580614814;86,76000000000003;4365,813739050253;Barnet;35997;5759;7733;8483;7276;3903;1567;658;341;198;79;0,15998555435175155;0,2148234575103481;0,2356585270994805;0,20212795510737006;0,10842570214184516;0,043531405394894016;0,018279301052865515;0,009473011639858878;0,005500458371530961;0,0021946273300552824
E09000004;359,5441264526956;106,44642598481062;9,119179509430143;3,466346231631616;0,5913255680851635;10,94108504257606;5,3044958844715575;19,997104634879232;1,657118423906515;0,2013249274351491;82,07261558529241;31,1971160846996;43,76434017030424;21,21798353788623;79,9884185395169;3,0664988666392405;1,4092744920468767;187,75479102131652;0,4371266114640684;0,1661588283047204;0,2330930674644435;0,113009012566168;0,4260259783753561;0,016332466670803;0,0075059309239511;0,5222023590643166;1,6249568279061557;0,6998308136604819;1,5517027986203091;0,6682820204626462;0,012230821833597;0,0950731237927436;0,0089477957187551;0,0252745254040784;0,017349436520541;0,2516808870165513;0,1703175217674487;0,0466665244123627;0,0201401611334822;0,0802888372031584;0,0128181288884959;0,0319802916822892;0,0030996196729573;0,1729355090113021;0,006770288766076;0,0314818935673619;0,0129446336087986;0,0620828296625095;0,0233698317774223;0,0278862063626683;0,0169504026179694;0,3430289165488717;0,2303644040865764;0,055024099629671;0,0500660586294694;0,0631736792352655;0,0145245609449175;0,1135290105046585;3,2348486398000045;0,7914074733974771;2,7799579863863584;0,8035880725057978;0,0549657100354934;365;2867212,0;380177;242387,0;116814,0;125573,0;56028,0;146237,0;40122,0;38,88074855496173;60,58000000000001;4001,105975569495;Bexley;30804;2250;4694;7187;7828;4590;2115;961;473;433;273;0,07304246201791975;0,1523828074276068;0,23331385534346188;0,25412284118945594;0,1490066225165563;0,06865991429684457;0,031197247110764836;0,015355148681989353;0,014056616023893001;0,008862485391507597
E09000005;434,3241407007912;128,9303687879201;8,962466234200795;3,559913328375349;0,5704772471698156;10,14861004051352;5,132914602106025;18,726476177055027;1,5859782802024174;0,2067565801833389;80,66219611082734;32,039219951380915;40,59444016205408;20,5316584084241;74,90590470822009;2,9635309755175814;1,4472960612823154;180,51058626604257;0,4468557649685138;0,1774921937495701;0,224886755961363;0,1137421291079507;0,4149668241496998;0,0164174912774912;0,0080177904865326;0,4156126020874292;1,6404693016569836;0,7065116724626925;1,5557355176336591;0,6700188180069927;0,0107287732141195;0,1150177624550727;0,0129384167799905;0,0329904730730467;0,0201803193993978;0,2706697291734987;0,1576854277285094;0,0461708582582939;0,0206701013901658;0,0474988721834985;0,0138106169317557;0,0315451695402804;0,003702811404873;0,1614077046864946;0,0059137784077828;0,0374725131777107;0,0115966721955087;0,0605785475104302;0,0285669952576909;0,0291271017065847;0,0179000516660514;0,3403267933574416;0,2612872316526665;0,0485171266350584;0,0523807451104747;0,0430138241115919;0,0136055025637515;0,104696080428258;3,239193616779871;0,7924704743710926;2,7343167767053376;0,7903948041564153;0,4506247179913164;365;26303807,0;2541113;323443,0;163939,0;159504,0;75033,0;211885,0;36525,0;35,76641633883278;43,28000000000002;7473,267097966725;Brent;29000;2576;5220;7104;6912;3870;1686;766;391;348;127;0,08882758620689656;0,18;0,2449655172413793;0,2383448275862069;0,13344827586206898;0,05813793103448276;0,026413793103448276;0,013482758620689655;0,012;0,004379310344827587
E09000006;319,3362732416998;101,10515902824764;9,123054404554082;3,556923892963736;0,5635827516694635;11,218736802665248;5,226794876416479;19,17552820913241;1,6298718441112332;0,2733488763389445;82,107489640855;32,0123150375822;44,87494721066099;20,907179505665923;76,70211283652962;3,0277313008184765;1,913442134370947;184,65795541681976;0,4446463703961066;0,1733600643704859;0,2430165930807956;0,1132211144571222;0,4153739960100475;0,0163964303297094;0,0103620888147051;0,578255497073004;1,649195808605761;0,7102699744393954;1,5677859409452854;0,6752086528421715;0,0193274160066853;0,0969555284853444;0,0087745732674839;0,0232145734065697;0,016208997226398;0,2470849941526025;0,1645483131794194;0,0427900256960952;0,0175700093998796;0,0772189685167778;0,0131595418051246;0,0352037664425454;0,0030320697005135;0,1797645857504314;0,005712658079666;0,0286684740089269;0,0207655048755356;0,0615287213150189;0,0212720090231166;0,0263009357661418;0,0177729073966911;0,347003950596859;0,2159077661357882;0,0554820008748794;0,045293952660472;0,0734557140846261;0,016755256516966;0,1192267856294406;3,2560286472229736;0,7965891736955745;2,7894422545019464;0,8063296408213826;0,1728180571861239;364;4850975,0;734232;325303,0;156274,0;169029,0;72176,0;196323,0;56804,0;39,85342895685855;150,1400000000001;2166,664446516584;Bromley;30765;3206;5670;7576;7464;3912;1548;691;360;258;80;0,10420932878270762;0,18430034129692832;0,24625385990573703;0,24261335933690883;0,1271574841540712;0,05031691857630424;0,0224605883308955;0,011701608971233545;0,008386153096050708;0,00260035754916301
E09000007;348,4204141662743;102,52597903160265;8,801149088521983;3,50345115517085;0,5403828420927888;9,426070542040328;5,234501881685119;16,306470373998266;1,633295464734644;0,2746551824963781;79,21034179562324;31,5310603969697;37,704282168161306;20,93800752674048;65,22588149599305;3,0903201182460567;1,9225862774629896;170,38713721269104;0,4648845158818912;0,1850554033172708;0,2212859655074536;0,1228849070960324;0,3828098914213977;0,0181370505356191;0,0112836350731279;0,4890274228632834;1,7110278408123376;0,7368995812488071;1,5936322226620143;0,6863400404909276;0,0161624102510472;0,1177400822588187;0,0121887367822552;0,0274966526866858;0,0234632195650355;0,3213319464972515;0,1304723227804312;0,0433303848470127;0,0186642446834945;0,0533535211057184;0,0128654976785607;0,0229204027182399;0,0025512906968816;0,1429662115831723;0,0052839210300228;0,0254196613035812;0,0237894935317903;0,0762412511537997;0,0274145133746062;0,0258723813931717;0,022050853649278;0,3889803934159472;0,1918824224437071;0,0513655394022216;0,0468006570733977;0,0592446857534725;0,0148081169337257;0,0953391854066725;3,177088024622951;0,7772763075813287;2,751559173590566;0,7953789746173479;0,158944621449998;365;8242186,0;917661;243837,0;121808,0;122029,0;46242,0;169330,0;28265,0;35,934275766521246;21,869999999999976;11149,382716049397;Camden;14319;1636;2437;3181;3303;2135;911;387;187;113;29;0,11425378867239333;0,1701934492632167;0,22215238494308262;0,23067253299811438;0,1491025909630561;0,0636217612961799;0,02702702702702703;0,013059571199106083;0,007891612542775334;0,002025281095048537
E09000008;353,6361232806845;107,46197655437;9,093330009791606;3,529782732092232;0,5678146853419849;10,969373282272771;5,1759192858971845;19,01623094171573;1,5995815525816195;0,2246214871109861;81,83997008732145;31,76804458985225;43,87749312909109;20,70367714358873;76,0649237668629;2,973780321728067;1,572350409775956;183,15470172867583;0,4468352126092762;0,1734492442182195;0,2395652020666709;0,1130392883621356;0,4153042376140852;0,0162364399803036;0,0085848214374819;0,517918531708663;1,6407455403268592;0,7066306419822412;1,5567771277832243;0,6704674150810619;0,0146414500299011;0,0996398670278256;0,0097451366658458;0,0259352903929362;0,0181038273472403;0,2471492770957188;0,1616781580891406;0,0449449467055967;0,0196984820768987;0,0689861311429275;0,0136518538713195;0,0398881345199985;0,0036070461181271;0,172794570302881;0,006452932071622;0,0379880923066099;0,0150948042354099;0,061937038922645;0,0236195611566251;0,0292691052603777;0,0185104559943606;0,3361479209814143;0,2285144717640531;0,0552500247537569;0,0526971821323573;0,0636613360851084;0,0158549592291636;0,1145379437201376;3,283979958070016;0,8034274770472185;2,8075946032264465;0,8115768463526919;0,2131477952808411;364;6479553,0;824237;380070,0;184305,0;195765,0;93166,0;237511,0;49393,0;36,89643486745178;86,57000000000002;4390,3199722767695;Croydon;35361;2262;5474;8502;9390;5392;2277;1021;492;429;122;0,0639687791634852;0,1548033143859054;0,24043437685585814;0,26554678883515737;0,152484375441871;0,06439297531178417;0,028873617827550126;0,013913633664206329;0,012132009841350641;0,003450128672831651
E09000009;358,569244836155;106,19736904293694;9,012152464384853;3,5885594579595423;0,5846568109226851;9,60223799612058;5,368475103899732;17,213206543729573;1,651457853907791;0,2342139160584097;81,10937217985341;32,29703511888734;38,40895198448232;21,473900415598926;68,85282617491829;3,1157242587433087;1,6394974124010466;176,19132044284248;0,4603482848984367;0,183306618269909;0,2179957099359069;0,1218783102460781;0,390784438199693;0,0176837556521637;0,0093052109960939;0,4913732088856408;1,6907855780752508;0,7281817132055812;1,5807685332284036;0,680799951001535;0,0142427669213895;0,1151312205192906;0,0128112947855883;0,029560459648167;0,0226819560137062;0,3033637579033391;0,1426170984530244;0,0499167550789258;0,0199736734576839;0,0539127801115428;0,0143880198999268;0,0231239874406801;0,003229974623292;0,1468969985232763;0,0061601241594861;0,0250982989003426;0,0168908335603377;0,0745483577785636;0,0297401942547638;0,0275642287444487;0,021890306163819;0,3700921438234773;0,2004150372394965;0,0564522603177381;0,0484709635162232;0,0551876113711488;0,0156703172430021;0,0999685795473184;3,2045880437106664;0,7840042021593998;2,791548579286849;0,8069385052294995;0,5191005535272342;364;15534369,0;1824981;344285,0;172747,0;171538,0;81217,0;222669,0;40399,0;36,143459633903646;55,55;6197,7497749774975;Ealing;27328;2363;4918;6743;6536;3646;1594;723;449;251;105;0,08646809133489461;0,179961943793911;0,2467432669789227;0,2391686182669789;0,13341627634660422;0,058328454332552696;0,02645638173302108;0,01643003512880562;0,009184718969555035;0,0038422131147540983
E09000010;416,0624556256864;122,35306225193656;8,890418667707014;3,5213475813033868;0,6231429825973593;9,947048603048634;5,480698946262788;18,56756377995097;1,5658528541598695;0,2255930756258786;80,01376801394473;31,69212823209166;39,788194412194535;21,92279578505116;74,27025511980388;2,948694078135962;1,5791515293793568;180,73466452780707;0,4427140096394411;0,1753516864896475;0,2201470012194195;0,1212982348589703;0,4109353084746892;0,0163150444096588;0,0087374026089853;0,4343931111400408;1,6553644902603373;0,7129266810222389;1,573450571057439;0,6776482762416325;0,0108927567592559;0,1051860308077666;0,0123256419358238;0,0336488310138728;0,0226791035147039;0,2659785241341505;0,1469141130366345;0,0608953258819657;0,0251706084244342;0,0546548429963082;0,017791240941563;0,0288203509106915;0,0033156535926114;0,1600559330513974;0,0062001298649617;0,031428150167237;0,0140427629666211;0,0571238705949532;0,0272739790447653;0,0329895334600837;0,0204972426015724;0,3505799857137233;0,2070846696801271;0,0671372808727269;0,061123523643343;0,0550575745792528;0,0169183971590979;0,1042139426503538;3,2929896689161136;0,8056317076900447;2,8334671587446287;0,8190556921199552;0,6795509910564322;365;49916158,0;3493012;328738,0;159756,0;168982,0;83274,0;203384,0;42080,0;36,19075068882577;80,84000000000006;4066,526472043539;Enfield;33724;2418;5001;7218;8208;5534;2694;1371;660;521;99;0,07169967975329142;0,14829201755426402;0,21403155023128928;0,24338749851737634;0,16409678567192504;0,0798837623057763;0,04065354050527814;0,019570632190724708;0,015448938441466019;0,002935594828608706
E09000011;403,1896859064734;114,736224503618;8,930749309015189;3,448167472109697;0,6133049901769965;9,76308461335374;5,360270171579648;18,366070867954644;1,5777897323761785;0,2440981530638954;80,37674378166635;31,03350724595255;39,05233845341496;21,441080686318603;73,46428347181858;2,9490242883221107;1,7086870714444051;179,93981930348042;0,4466868094721473;0,172466035400494;0,217029997054463;0,1191569535265387;0,4082714084975056;0,0163889477033895;0,0094958807786874;0,4462907301284995;1,6604860195113682;0,715132403612145;1,5737000235842944;0,6777557095973015;0,0158041103270651;0,1039411118649968;0,012592996499198;0,0314279348946852;0,0207238118462514;0,2656569312597913;0,1513055114515125;0,0585023669203289;0,0228172987733979;0,0611530020076882;0,0158858543521308;0,0312619127073729;0,0036667516930027;0,1511625861145066;0,0061473099735602;0,0333412084663061;0,0146093008482046;0,0623204489564141;0,029453744189242;0,0302362943796642;0,0188757959566064;0,3418763658860633;0,2230699779843446;0,0644230517497845;0,0555294686151997;0,0595194749612043;0,0161627882371816;0,098532589084295;3,3078927481580007;0,8092777541058033;2,8265995734553497;0,8170705147710865;0,3935023787699347;365;20076343,0;1795750;274542,0;137569,0;136973,0;66010,0;179854,0;28678,0;34,858640936812435;47,38999999999999;5793,247520573962;Greenwich;20120;1028;2987;4892;5310;3090;1324;615;339;256;279;0,0510934393638171;0,14845924453280318;0,24314115308151094;0,2639165009940358;0,15357852882703776;0,0658051689860835;0,030566600397614316;0,016848906560636184;0,012723658051689861;0,013866799204771373
E09000012;405,9931961887152;111,5938228002051;8,946847789112516;3,47762881192415;0,6053510538968024;9,694130421038444;5,273588986693505;17,752442104240316;1,569076132532566;0,2283052740755348;80,52163010438687;31,29865930369967;38,77652168415378;21,09435594677402;71,00976841696126;2,9644376522882605;1,5981369185277612;177,18832904247037;0,4544409360341482;0,1766406369586435;0,2188435428772479;0,1190504818278291;0,4007587226579743;0,0167304340433037;0,00901942541681;0,4364317695612539;1,6681870002060646;0,7184490354715266;1,5712840692970542;0,6767152147204102;0,0127311267847103;0,1059792556203711;0,0125568176462751;0,0349764628529839;0,0249211755861741;0,281518047268919;0,1447147966232046;0,0506529491679652;0,0207843108783422;0,0494455861257822;0,0158868418444849;0,0322247093807484;0,0039379090087191;0,1505287738087686;0,0065644554052646;0,0381212238857907;0,0144555581114951;0,0619912925725682;0,0291371663726608;0,0334539462147436;0,0215410735799597;0,3499158412668446;0,2253303523325682;0,0565944304287446;0,0541198559144444;0,0497956465776207;0,0151058945762034;0,1030145001636413;3,28451463818995;0,8035582868284201;2,8019760922169903;0,8099527324435783;0,3681927161647278;365;22453809,0;1999259;268626,0;133429,0;135197,0;61120,0;188145,0;19361,0;32,97352825100698;19,08;14078,93081761006;Hackney;18036;1333;2924;4550;4737;2519;1092;438;212;145;86;0,07390774007540475;0,1621202040363717;0,2522732313151475;0,26264138389886893;0,1396651142160124;0,06054557551563539;0,02428476380572189;0,011754269239299179;0,008039476602350853;0,004768241295187403
E09000013;368,8733723554643;102,8821757037312;8,885619013575523;3,5055124392394097;0,5893426903466179;8,911438172321276;5,509827374932955;16,076994704094588;1,6304776125752676;0,2544591813791289;79,97057112471181;31,549611949086703;35,6457526892851;22,03930949973182;64,30797881637837;3,09760508612214;1,7812142696531523;171,196678801529;0,4671268840292337;0,1842886916378948;0,2082152115264443;0,1287367818933119;0,3756380045837899;0,018093838664436;0,010404490800421;0,4641069039717932;1,7204875036202103;0,7409736362674367;1,5975828936444776;0,6880415018717352;0,0140951237616018;0,1103263367364222;0,0137492137796511;0,0315376851730979;0,0280365771822941;0,321304993618534;0,1291879382200726;0,0541529156772607;0,0214595000771386;0,050060996134439;0,0152144426115785;0,0219076321902076;0,0026372096109301;0,1344428705053279;0,0054303821435468;0,0258549842863816;0,0206011982915148;0,0751904590385117;0,0284026355765578;0,0284247647997007;0,0254546392789971;0,3862220365629606;0,1825089493687488;0,0599823637015845;0,0512591694747226;0,0557972992810393;0,0158238059034983;0,0909338770136782;3,2121546521376017;0,7858553770130459;2,790116911793378;0,8065246605141543;0,5609388916596163;365;20534866,0;1879110;182183,0;89454,0;92729,0;34398,0;129350,0;18435,0;35,687813901386406;16,4;11108,719512195124;Hammersmith and Fulham;11781;2276;2382;2517;2126;1275;542;300;169;165;29;0,19319242848654614;0,20218996689584925;0,2136490960020372;0,180460062813004;0,10822510822510822;0,046006281300398945;0,02546473134708429;0,014345131992190816;0,014005602240896359;0,0024615906968848147
E09000014;401,7296185929848;111,39466605279269;9,040818192364796;3,53642777661428;0,6111057966069123;9,371023183991174;5,414920360304277;17,46751385726118;1,612258997905362;0,2451022961345458;81,36736373459222;31,82784998535459;37,48409273596469;21,659681441217103;69,87005542904473;3,039505823914987;1,7157160729401126;177,65232250326164;0,4580146354861099;0,1791580855058635;0,2109969191946618;0,1219217465666368;0,3932966056650453;0,0171092940474177;0,0096577182260514;0,4422186323365201;1,6853836616844062;0,7258552344473721;1,580685115937635;0,6807640251298629;0,0125472401511684;0,105864178765372;0,0136714570819959;0,0346521108867548;0,0259436030195296;0,28808492187175;0,14179949375838;0,0562624733732481;0,0221954843588832;0,0500517334988805;0,0162301852699261;0,0280011562703667;0,0033659307709784;0,1447883566560746;0,006259540030528;0,0331919995477318;0,017090134688431;0,0639044970765782;0,0310079518949797;0,0322709342177476;0,0236347531805433;0,3598578612198551;0,2084859264992389;0,0626569932898687;0,054772475859975;0,0507685959818212;0,0156795926109992;0,096960418168393;3,2817376127776905;0,8028788860558348;2,817346360274162;0,8143957363099841;0,4826478110184626;365;27513713,0;2108494;268251,0;134472,0;133779,0;60298,0;182741,0;25212,0;34,982777323655164;29,599999999999994;9062,533783783783;Haringey;18668;2088;3192;4059;4271;2794;1163;547;274;225;55;0,11184915363188344;0,17098778658667238;0,21743089779301478;0,2287872294836083;0,14966788086565244;0,06229912149132205;0,02930147846582387;0,014677523034068995;0,012052710520677095;0,0029462181272766233
E09000015;427,8919379680032;133,10597708543534;8,76516177923776;3,565429828524965;0,5563164569770803;10,051114261867871;5,0088220786943936;18,351060275955263;1,6184913465978412;0,2059218800087456;78,88645601887977;32,08886845458538;40,20445704747149;20,03528831477757;73,40424110382106;3,0233502604249907;1,4414531600604417;176,790788858978;0,4462136094760327;0,1815075811454291;0,2274126231742858;0,1133276707688615;0,4152039909860573;0,0171012883642747;0,0081534403990371;0,413166907744352;1,6454333322899353;0,7086495640898629;1,5589650794809902;0,6714097145874866;0,010951216767316;0,1215020069952496;0,0126798542524636;0,0331429721876479;0,0174884980757616;0,2931654998332472;0,149031582887611;0,0432684901021103;0,0187029206127957;0,0496407719059284;0,0155554931112356;0,0256366869876172;0,0029848125179686;0,1580223493208299;0,0051299930993831;0,0300930762719911;0,0130037750708424;0,0630041088084798;0,0246999903425622;0,0295079614880044;0,0156684780066243;0,368439938363282;0,2449030252776002;0,046188653927632;0,0444483319772975;0,047252155361502;0,0154726539627052;0,10041470248431;3,1795968685066383;0,7778900975975627;2,693575488373736;0,7786179307208739;0,7471103126203106;365;30302784,0;2651032;246818,0;122713,0;124105,0;57186,0;152725,0;36907,0;38,0376066576336;50,42000000000003;4895,239984133277;Harrow;22913;2320;3948;5349;5367;3161;1463;709;361;201;34;0,1012525640466111;0,17230393226552612;0,2334482608126391;0,23423384105093178;0,13795661851350763;0,06385021603456553;0,030943132719416924;0,01575524811242526;0,00877231266093484;0,0014838737834417144
E09000016;319,15568694255825;99,90938730883312;9,250358473686813;3,5443640677445485;0,5823168720649078;11,455478103893368;5,37521950103421;20,25051999932788;1,681965824253172;0,2010483649038272;83,25322626364684;31,89927660974068;45,82191241557347;21,50087800413684;81,00207999731151;3,1110103452109583;1,4073385543275272;190,274533164522;0,4375426646910308;0,1676486920199604;0,2408199965255114;0,112999241919285;0,4257116212566009;0,0163501141927438;0,0073963579409266;0,5961809265794711;1,625065445742926;0,6998775928165676;1,5511116038782415;0,6680274067459814;0,0123162555081002;0,0878236782513752;0,0073104314493958;0,0205872006212329;0,0165788931943203;0,2401508261824663;0,1745179842242275;0,0435822000088598;0,0195073393563047;0,0909303640623004;0,0124058965011348;0,0347906075001368;0,0030477937631757;0,1889778060366954;0,0065880918194776;0,0287242054133778;0,012160426107418;0,0583640768510707;0,0213444817535734;0,0256239461309246;0,0174953238633403;0,3482760071854469;0,2060714168842812;0,0559948445833445;0,0498890376529435;0,0714618797765957;0,0159488103207867;0,1295301749976921;3,206736701299125;0,7845298724032428;2,792647626711244;0,8072562011823473;0,1662100371987208;364;2746294,0;421583;249375,0;119743,0;129632,0;54279,0;149202,0;45894,0;40,05118796955948;112,44;2217,849519743864;Havering;27553;1215;3516;6479;7613;4795;2031;1055;456;329;64;0,04409683156099154;0,12760860886291875;0,235146807970094;0,2763038507603528;0,17402823648967444;0,07371248139948464;0,038289841396581134;0,016549921968569664;0,011940623525568904;0,0023227960657641634
E09000017;374,7379509101179;119,79257013983806;8,830852128030054;3,6049656855501504;0,5909088495818712;10,15458203169627;5,312310363795297;18,09265654736691;1,597778172410654;0,2655650059462918;79,47766915172642;32,44469116844423;40,61832812678508;21,249241455181192;72,37062618946764;3,006661466106188;1,8589550416114915;177,96315330521784;0,4465962064372801;0,1823112850377492;0,2282401012366988;0,1194024777631211;0,4066607319850504;0,0168948538518508;0,0104457299563762;0,4749002679685969;1,6692391920361207;0,7189021898273281;1,5815662393180578;0,6811435043145815;0,0140830368976268;0,1117028475703338;0,0099532597713125;0,0298796764701125;0,0187149246121224;0,2786682907853397;0,142512370285438;0,0529681449721695;0,0224370760416108;0,0618000350700677;0,0180739595383349;0,0240962009412738;0,0027341033426371;0,1621791663368207;0,005054303276072;0,0249090050911183;0,0202335989976089;0,0652275172225211;0,0214084915749466;0,0312735947054691;0,0183628266081938;0,3677531443508841;0,1921665478882757;0,0602717606931108;0,0520557552418038;0,0673391210256238;0,0191278758783794;0,1050133648107914;3,2428555940819432;0,7933663791032692;2,804791890934379;0,8107666808107664;0,3291349906289731;364;12991039,0;1168640;296056,0;147929,0;148127,0;70644,0;186478,0;38934,0;36,37235860789824;115,70999999999998;2558,603405064385;Hillingdon;28335;1996;4316;6568;7269;4428;1953;925;462;334;84;0,07044291512263985;0,15232045173813305;0,23179812952179282;0,25653785071466384;0,15627316040232928;0,06892535733192165;0,03264513852126345;0,01630492323980942;0,011787541909299454;0,002964531498147168
E09000018;336,9229444627232;105,20181118566532;9,263180990803594;3,653928595618927;0,5772648291657599;10,399521289630886;5,283108261200906;18,08525394336305;1,6846579733563631;0,2332906678929806;83,3686289175075;32,8853573606383;41,598085158523546;21,132433044803623;72,3410157734522;3,156903696395442;1,6330346752520264;181,63201610712875;0,4589974317541884;0,1810548496100056;0,2290239686267012;0,1163475112908478;0,3982833936654901;0,0173807666955227;0,0089908965955035;0,5390906707074214;1,6734719838018597;0,7207251540160379;1,5684415915227812;0,6754910261761862;0,0141496162581476;0,1050799664464037;0,0101542953875289;0,025076980656571;0,0199995719671918;0,2851826003619487;0,1515303999862194;0,0431947742414032;0,0177477018031143;0,0681224654063362;0,0130226371936498;0,028579019815309;0,0032979405880022;0,1658950766309224;0,0063651610525639;0,0262373671597569;0,0163644250449303;0,0723492937585241;0,0256130334023359;0,0252953457729446;0,020425479039184;0,3688797499066574;0,2013810120094065;0,0533971386976773;0,0455568704514954;0,0615350227435055;0,0151934385673593;0,1103736156509095;3,200304225974385;0,782956163827883;2,7736737849544792;0,801771530910345;0,1261282370964654;365;2677909,0;365032;266412,0;134797,0;131615,0;62349,0;173737,0;30326,0;35,741396784053656;55,95000000000002;4761,608579088471;Hounslow;23783;1962;4321;5939;5852;3174;1380;643;290;160;62;0,08249590043308246;0,18168439641760922;0,24971618382878527;0,2460581087331287;0,13345667073119455;0,058024639448345454;0,027036118235714585;0,012193583652188538;0,0067274944287936764;0,0026069040911575496
E09000019;357,4527399792158;104,54099143467973;8,796319996497694;3,4496462160875674;0,5840388739778032;9,43348463880356;5,429345533858867;16,86152229199284;1,6081682325157296;0,2826817295909329;79,16687996826329;31,0468159429354;37,733938555214245;21,717382135435468;67,44608916797137;3,0487928218318774;1,9787721071304607;173,35791620200263;0,4566672333325426;0,1790908464010295;0,2176649291933421;0,1252748222361511;0,3890568751955974;0,0175866951370095;0,0114143740907956;0,4849813606466762;1,7032138058413344;0,7335342595628304;1,5978711636869591;0,6881656530214268;0,018065800140515;0,1047357066198797;0,0123064044444501;0,0280747028607004;0,023295071666749;0,2966337263709897;0,1385568366862161;0,0513903657183598;0,0219277373934146;0,0580481511139982;0,015673757131061;0,0289530953460245;0,0035796003467635;0,1449083281170633;0,005390239201331;0,0274299411953206;0,0210305356471628;0,0660458775776747;0,0271709871901521;0,0278139162974317;0,022428631661451;0,3710609313225814;0,1949465275819067;0,0611519882933961;0,053047256801017;0,0641112252229802;0,0172710075904384;0,0949516504609703;3,2640815629391327;0,7985593238911652;2,8064604183722235;0,8112489934047936;0,3375382431529856;365;13897938,0;1535553;227507,0;113683,0;113824,0;40109,0;167416,0;19982,0;34,48417411350173;14,899999999999991;15268,926174496652;Islington;12046;527;1651;3047;3383;1933;840;320;178;140;27;0,04374896231114063;0,13705794454590736;0,2529470363606176;0,2808401129005479;0,16046820521334884;0,06973269134982567;0,026564834799933587;0,014776689357463058;0,011622115224970945;0,0022414079362443966
E09000020;372,6087654141765;100,56662928014272;8,650872744032604;3,4433080803913656;0,5715569149888751;8,6453230549526;5,394421920815884;15,7305238396069;1,6101017987429345;0,2818900312661751;77,85785469636656;30,98977272172728;34,5812922198104;21,57768768326353;62,92209535842761;3,064728081775104;1,973230218854332;167,39559604049091;0,4651129213550738;0,185128960705939;0,2065842413885585;0,1289023617923864;0,3758885947226923;0,0183082957632516;0,0117878263558202;0,4492529741065561;1,7269604628795583;0,7437613880818018;1,6064323909564115;0,6918527729147187;0,0131931541322278;0,1143399874930318;0,0152611187478962;0,0320418464015064;0,028688727409851;0,3332472064839918;0,1257411442035437;0,0486214523542997;0,0208606250130366;0,0469514367267243;0,0133020481898637;0,0204462141063714;0,003350051553412;0,1280195350827001;0,0059460245386879;0,0269352774620588;0,023054150100796;0,0798286841750852;0,0337835227199172;0,026339059262656;0,0259662955126269;0,3911483512834817;0,179879719064197;0,0548850619462315;0,0524802299600981;0,0510788410410885;0,0136383080858629;0,0909719269487546;3,1930719366445826;0,7811867803225909;2,7773830103598294;0,8028437375079165;0,3793817425596847;365;13659812,0;1279530;158589,0;78878,0;79711,0;28328,0;107647,0;22614,0;38,88847271913068;12,11;13095,706028075969;Kensington and Chelsea;7871;817;1721;1985;1771;901;346;163;92;58;17;0,10379875492313556;0,21865074323465888;0,25219158937873204;0,2250031762164909;0,11447084233261338;0,04395883623427773;0,020708931520772456;0,011688476686570956;0,007368822258925168;0,0021598272138228943
E09000021;297,3791743053174;95,0066315140401;9,293907218386714;3,5628294962863016;0,5686810539054594;10,970420860007083;5,3556811552257;18,7472173267894;1,7437376718309685;0,235684668754329;83,64516496541579;32,065465466459216;43,881683440028326;21,4227246209028;74,98886930715759;3,2480031656325923;1,6497926812805015;184,9545547404212;0,4522471213688659;0,1733694285683435;0,2372565709539575;0,1158269643641327;0,4054448370433619;0,0175610877503994;0,0089199894730678;0,6219485785192522;1,6666585367423692;0,7177907620878413;1,569158358386012;0,6757997208617834;0,0183332871236424;0,0943688870694955;0,0088869390211482;0,0207242308940596;0,0189334694616462;0,2678378920552494;0,1619905177714316;0,0383562180031868;0,0182256457260656;0,0856319936328482;0,0115388316341758;0,0321244334555987;0,0031998851825092;0,1724480426390408;0,0060393347761629;0,0257654363472381;0,0155949552065002;0,0706512042187515;0,0241620965641637;0,0236371070170515;0,0210029208633344;0,3598301244347455;0,1910692385172836;0,0506341177249265;0,0460915408064371;0,0741990284071326;0,0155271858592338;0,1231954355869393;3,2073329740873726;0,7846757508641378;2,7979358949369253;0,8087848535185264;0,0;365;858899,0;145265;171609,0;84301,0;87308,0;37534,0;111139,0;22936,0;37,07246123485866;37,26;4605,716586151369;Kingston upon Thames;16975;3338;3986;3720;3019;1505;678;365;186;148;30;0,1966421207658321;0,23481590574374078;0,2191458026509573;0,17784977908689248;0,088659793814433;0,03994108983799705;0,02150220913107511;0,010957290132547865;0,008718703976435935;0,0017673048600883653
E09000022;397,0969051479764;103,51890175861897;8,71506666461507;3,3651811904289817;0,6080348142958518;9,299810164802023;5,4363472172529015;17,201334463175353;1,5887348112139124;0,2562823633272001;78,43559998603983;30,286630712609163;37,199240659208094;21,74538886901161;68,80533785270141;3,0051425506160423;1,7939765432831631;173,78544580355418;0,451335838990239;0,1742759905616316;0,2140526813807978;0,1251277905837548;0,3959211747252901;0,0172922567636246;0,0103229389261461;0,4376398897865845;1,6895250563057964;0,7276388360285361;1,5917778305989283;0,6855413972998791;0,0145852609847798;0,1046447821692377;0,012923070275688;0,0328651485537494;0,0267236972939144;0,2916182933092752;0,140664116740946;0,0550781574106721;0,023181106830615;0,0496970143380481;0,0169461799361737;0,0292611907834725;0,0036717467427802;0,1395315220635881;0,0061284803460248;0,0344503218041188;0,0180299104169153;0,067172166534919;0,0283706436094825;0,0308763095250468;0,0246254541396055;0,3551781113375785;0,2121122999462314;0,0623025832955236;0,0577643709432472;0,0518520325272189;0,0165585119022165;0,0931875162389297;3,292194980646628;0,8054372867740999;2,82446612435492;0,8164538096774127;0,5260500351999113;365;33399023,0;2827972;320736,0;160869,0;159867,0;62418,0;233025,0;25293,0;34,32011997347239;26,82;11958,836689038031;Lambeth;16789;1002;2310;3913;4581;2704;1210;523;263;227;56;0,059681934600035735;0,1375900887485854;0,23306927154684615;0,27285722794686995;0,1610578354875216;0,07207099886830663;0,031151349097623442;0,01566501876228483;0,013520757638930252;0,0033355173029960094
E09000023;399,1819102068426;105,62837235677952;8,799224306238726;3,409291984893104;0,6143593691579711;9,764507414162644;5,365823134996256;18,05607138514205;1,5768681640900837;0,2447458436703547;79,19301875976853;30,683627860252106;39,058029656650575;21,463292539985023;72,2242855405682;2,969213014635044;1,7132209056895304;177,56303076236102;0,445999476466221;0,1728041458208555;0,219967126540678;0,1208770341879899;0,4067529441825565;0,0167220226073345;0,009648522546241;0,4448173281959442;1,6663784957740606;0,7176701550074907;1,5791892167278767;0,6801197764069795;0,0141108238963079;0,10116159682496;0,0117550041751656;0,0322903362529274;0,0239060034423775;0,2724040331094988;0,14519861722015;0,0579249347394413;0,0220742977014538;0,054434512612232;0,0173557810065383;0,0328428249118329;0,0039841896290357;0,1530522473539049;0,0064236906059662;0,035596948173457;0,0154841583447501;0,061004016047097;0,0264407218048571;0,032722709895752;0,0223629724952652;0,3525225459918429;0,2121600893404233;0,0652094783410031;0,055466065923169;0,0552254006284243;0,0173265441320895;0,0995594554000761;3,3092946866741624;0,8096207391237986;2,8253631860496737;0,8167131186604031;0,5383722487911465;365;29986860,0;2612931;294999,0;144943,0;150056,0;67332,0;200119,0;27548,0;34,88531147537555;35,170000000000016;8387,802104065959;Lewisham;19804;1241;2596;4139;5315;3378;1575;722;385;342;111;0,06266410826095738;0,1310846293678045;0,20899818218541708;0,2683801252272268;0,17057160169662694;0,07952938800242375;0,03645728135730156;0,01944051706725914;0,01726923853766916;0,005604928297313674
E09000024;336,74700597820134;103,75381283687364;8,937439465001063;3,5431763181639337;0,5576480181690662;10,250676647719844;5,232353442456027;17,498782178333553;1,6432663675647683;0,2780299304129749;80,43695518431646;31,88858686469117;41,00270659087938;20,92941376982411;69,99512871333421;3,091469599998677;1,9462095128834296;176,39917677936108;0,4559939374599602;0,1807751455925284;0,2324427321005317;0,1186480240551376;0,3967996335996718;0,0175254196558154;0,0110329852350599;0,523832947725688;1,6864091672760508;0,7262968956658665;1,5845993022396108;0,6824497734140559;0,01807581293832;0,1073664823854829;0,0115064162063949;0,0252760821910896;0,018984605718689;0,2864288454062627;0,1476205045212171;0,0447867743591501;0,0200520868706717;0,0630637506815945;0,0139074402638539;0,029373950656972;0,0034695832554445;0,1570169690909118;0,0056179133298447;0,0259024269187224;0,0215503552053774;0,0686383523299069;0,0260879190106864;0,0262249280669712;0,0192669130433209;0,3612017141080575;0,2064314304664832;0,054966051218144;0,0510346184992684;0,065585002291936;0,0161621281084638;0,1044009428567612;3,2372629479903265;0,7919981352050799;2,793990466435912;0,8076443689141312;0,4036280941281861;364;6431064,0;923444;205965,0;101313,0;104652,0;46260,0;134778,0;24927,0;36,5931638868283;37,63999999999999;5471,971307120086;Merton;13806;1701;2241;3142;3309;1854;755;394;223;146;41;0,12320730117340287;0,1623207301173403;0,22758221063305809;0,23967840069534985;0,13428943937418514;0,05468636824569028;0,028538316673909894;0,01615239750832971;0,010575112270027524;0,0029697233087063596
E09000025;450,3499033393754;136,70356135199324;9,36089186519424;3,74025348660858;0,5661285703022622;10,621476569588689;4,983205757674153;19,279220058448555;1,5301249793888492;0,1831381232865153;84,24802679063575;33,662281377837125;42,48590627835475;19,93282303069661;77,11688023379422;2,8459483908981564;1,2819668630068854;185,42564531110983;0,4543493789614872;0,1815405917631192;0,2291263768130416;0,107497660300726;0,4158911250081206;0,0153481919187779;0,0069136437996803;0,4117368382587983;1,6185927342642688;0,6970899477155375;1,5314959779714727;0,6595794164959989;0,0121084347073728;0,1149379634472525;0,013791302886984;0,037929683561819;0,0197676597973231;0,2545538693257208;0,1541892446647714;0,0429938505232212;0,0170832868957732;0,0479762422703815;0,0133686526218863;0,0351211495932553;0,0034644272501692;0,1777192892747939;0,0056456795960111;0,0406473078507202;0,008701955732544;0,0598649449186077;0,0326934694381741;0,0313111545186258;0,0166945820832927;0,3194343445180656;0,2889752521513755;0,0445966627722951;0,0409502285323102;0,0420598701071466;0,0133089463935701;0,1101105445665361;3,24976819162418;0,7950575498394226;2,717594687331492;0,7855610362958922;0,5122303331975278;365;30147202,0;2839005;336254,0;176602,0;159652,0;83982,0;228855,0;23417,0;32,038271663511786;36,20999999999998;9286,219276442976;Newham;32239;1670;4938;8398;8491;4692;1992;1036;531;451;40;0,05180061416297031;0,15316852259685473;0,26049195074288906;0,26337665560346163;0,1455380129656627;0,06178851701355501;0,032134991780142064;0,016470734203914515;0,013989267657185396;0,0012407332733645584
E09000026;407,3692848317656;119,01355572957684;9,318002231451503;3,731787122677734;0,5974617849426558;10,37332073764826;5,249971016445727;18,76664377279257;1,6245741953007031;0,2271819051327848;83,86202008261799;33,586084102707524;41,49328295059304;20,999884065782908;75,06657509117028;3,0333829077295618;1,5902733359203702;184,5521354833781;0,4544082888175039;0,1819869708618597;0,2248323100782011;0,1137883558528332;0,4067499673984062;0,0164364552042952;0,0086169327261108;0,4530339972970568;1,65264034131723;0,7117534539317422;1,5582735317806513;0,6711118812041611;0,0132580769714665;0,1047063787141921;0,0118541785068177;0,033869809675446;0,0223558683042589;0,2705287612635086;0,1470094489828677;0,0499569416184745;0,0195367915974334;0,0584297898924516;0,0161903852911701;0,0283447794152736;0,00309597355326;0,1692962286497672;0,00554422757385;0,0316994286358844;0,0143229313538769;0,0608387089560914;0,0274427140754583;0,0314091908732254;0,0207121278936499;0,3558813048774182;0,2245586576389581;0,0552147537392425;0,0464723960112031;0,0540717001747589;0,0163608829878249;0,1070375627721689;3,2593607724055618;0,7974043799279006;2,781304645805452;0,8039773443768874;0,4523487083239983;365;13560498,0;1112166;297928,0;148700,0;149228,0;75418,0;186229,0;36281,0;35,736751833023945;56,38000000000002;5284,285207520396;Redbridge;31225;3496;6365;7726;7179;3780;1448;656;308;222;45;0,11196156925540432;0,20384307445956765;0,24742994395516413;0,2299119295436349;0,12105684547638111;0,04637309847878303;0,02100880704563651;0,009863891112890313;0,00710968775020016;0,0014411529223378704
E09000027;321,80804535491274;97,37318321727736;9,154100854831254;3,6190121189369777;0,5497664996648584;9,726032972572318;5,402339904811059;16,81712300510812;1,6933058825788607;0,3034766152506036;82,38690769351085;32,57110907049056;38,90413189028927;21,60935961924424;67,26849202043248;3,1948291818494035;2,1243363067563847;176,58392482151902;0,4665595001174816;0,1844511560347952;0,2203152519665159;0,122374443999281;0,380943464069131;0,0180924123477182;0,0120301794679416;0,5487243944655572;1,7152914502173715;0,7387358178723366;1,5958778857289848;0,6873071949312028;0,0192077782778426;0,1067535523881842;0,01064130346426;0,026890493061765;0,0218114751010648;0,3097397988417439;0,137657892180285;0,0459401561127644;0,0182050600837862;0,0653417370667692;0,0114948282938028;0,0216503859201116;0,0027266202597649;0,1498327646472196;0,0048554757434389;0,0207106164213815;0,0265400621358145;0,0761693400938852;0,0233517039600056;0,0266248393552948;0,0225844894383782;0,3888861282132188;0,1754018062518459;0,0554338273447952;0,0453331706950484;0,0683729039676551;0,0143284581334425;0,1035133325464298;3,1880392024879334;0,7799555191828298;2,767432106132111;0,7999672811056251;0,1111836788216268;364;2766978,0;357840;194124,0;94288,0;99836,0;44364,0;120918,0;28842,0;38,72640168136149;57,39999999999999;3381,951219512196;Richmond upon Thames;17550;3756;3773;3684;3237;1816;690;297;124;139;34;0,214017094017094;0,21498575498575498;0,2099145299145299;0,18444444444444444;0,10347578347578347;0,039316239316239315;0,016923076923076923;0,007065527065527066;0,00792022792022792;0,0019373219373219374
E09000028;387,6813201543257;107,15726596805312;8,633918149374612;3,364523590565088;0,6119790374561371;9,236214935787638;5,524870612224047;17,626682051593804;1,5892213854298425;0,2430295550802076;77,70526334943071;30,28071231500124;36,94485974315055;22,099482448896183;70,5067282063752;3,0066727750021607;1,7012068855564235;175,01935366370725;0,4439809753768049;0,1730135078271654;0,2110901392890448;0,1262687924865696;0,4028510375021217;0,0171790874098379;0,0097201072335418;0,4514516035852247;1,6797620314478932;0,7234341300863492;1,5911732434138426;0,6852810157719511;0,015066377819192;0,1035575889949254;0,013055936716619;0,0303772052190555;0,025328523640632;0,2913337922698518;0,1414501942882703;0,059869740852817;0,0229105241171377;0,056240533543974;0,0169607908428275;0,0265526234347516;0,0034356847241448;0,1431929659490708;0,0062216050835825;0,0287611456223617;0,0156847668807856;0,0644711235004515;0,0288406264256388;0,0289878509340987;0,0227976958521269;0,3632772864441925;0,1989157461917456;0,0663814728797738;0,0542542384331734;0,0612745573403935;0,0170706609672145;0,0937287410311903;3,273409038604924;0,8008412958693955;2,82416289578457;0,8163661569633898;0,5831941563375148;365;40562818,0;3560276;308434,0;153470,0;154964,0;62902,0;221000,0;24532,0;34,20065556959368;28,86;10687,248787248787;Southwark;23427;2523;3817;5358;6055;3264;1317;516;275;253;49;0,10769624791906775;0,16293166005036924;0,22871046228710462;0,2584624578477825;0,13932641823536945;0,056217185299013955;0,022025867588679728;0,01173859222264908;0,010799504844837153;0,0020916037051265635
E09000029;295,33027102612704;98,49586446480409;9,358356033371567;3,609787631254652;0,5520274291420367;11,629118177391396;5,20729936495352;19,75648744874967;1,7013081159965688;0,2232671432837942;84,22520430045766;32,48808868107923;46,51647270956558;20,82919745981408;79,02594979499868;3,1468594055664085;1,5628700029872666;188,79008096396683;0,4461315121557324;0,1720857818122343;0,2463925671944804;0,1103299355212926;0,4185916409987762;0,0166685632502431;0,0082783480731996;0,6392506948509353;1,6360951037516125;0,7046278079644753;1,5519879609334557;0,6684048331861644;0,0152581772800478;0,0924982367791392;0,0076142578103543;0,017709109205441;0,0139596557489788;0,244250581698097;0,1755069397297053;0,0360444089969305;0,016269969437505;0,0927498115935342;0,0107188448211841;0,0374527885255518;0,0034473439631931;0,188154890987909;0,0054896041376916;0,0279896206163912;0,0148857586683452;0,064911711577102;0,021216271888743;0,0226955835305918;0,0165793814958274;0,3450086007690655;0,2128224206862946;0,0494610740424032;0,0432233861353847;0,0785818995829413;0,0155019063727557;0,1299977639188904;3,1826095241566064;0,7786271454355429;2,7754423672029924;0,8022827658308405;0,0552382879242643;365;1304548,0;234609;199870,0;97427,0;102443,0;46142,0;123600,0;30128,0;38,44916195551449;43,8;4563,242009132418;Sutton;27696;4776;5816;6320;5631;3003;1192;546;219;157;36;0,17244367417677642;0,2099942229924899;0,22819179664933564;0,20331455805892548;0,10842720970537262;0,04303870595031774;0,019714038128249567;0,007907279029462738;0,005668688619295205;0,0012998266897746968
E09000030;390,0470118209896;112,60896897876164;9,0042142696138;3,5346328588139007;0,5846880540046239;10,225052698348875;5,272859834860403;18,50622957281054;1,6025827176553953;0,1993186326698538;81,03792842951773;31,811695725084416;40,90021079339551;21,091439339441614;74,02491829124216;2,998562319034693;1,3952304286899906;180,54807881043584;0,448844036244786;0,1761951494287829;0,2265336250757792;0,1168189630064483;0,4100011408538093;0,0166081098109218;0,0077277500701344;0,4628879938536679;1,6501148760192872;0,7106657952296903;1,56038696968223;0,6720220893653147;0,0137568979385781;0,1050412575300063;0,0126044755722722;0,0304001531714229;0,0244982590990094;0,2800801240614767;0,1441925780291206;0,0462983982563535;0,0188790027712636;0,0539275685204451;0,0154508292277955;0,0291189098685749;0,0025113679994656;0,1723213338124891;0,00536228032829;0,0319802200702097;0,013576343743226;0,0635759244172511;0,0292857956654773;0,0279275858752192;0,0218987188130122;0,3564480211296827;0,2249646104530374;0,0518506377662001;0,0449238212781675;0,054742025356564;0,0164534917913791;0,1079293674540089;3,231904717162804;0,7906872411283319;2,7775126525451426;0,8028812125036977;0,4851991250791094;365;27358813,0;2707571;293828,0;152762,0;141066,0;64797,0;211354,0;17677,0;31,51472630207743;19,75;14877,3670886076;Tower Hamlets;23904;1508;3775;5933;6356;3368;1522;755;392;246;49;0,06308567603748326;0,15792336010709504;0,24820113788487283;0,2658969210174029;0,14089692101740295;0,06367135207496653;0,03158467202141901;0,01639892904953146;0,010291164658634538;0,0020498661311914323
E09000031;414,8057264988064;117,9754572075767;9,074566802908675;3,620155655480143;0,6135078925675302;9,79551841825804;5,405861995838484;18,293209562444595;1,5737181771865854;0,2369165724454483;81,6711012308194;32,58140089997256;39,18207367303216;21,62344798335393;73,17283824977838;2,9655286791981337;1,6584160071158982;181,0913321503212;0,4509939833179064;0,1799169541307876;0,2163663672235163;0,119406311315909;0,4040659339180227;0,0163758731242668;0,0091578983235888;0,4365690263700887;1,6630933935249774;0,7162553384779363;1,5716193016807327;0,6768595914495675;0,0124468173906496;0,1053997503860006;0,0133448599928994;0,0353446202227455;0,0236385599163859;0,2722569422639949;0,1450066939691943;0,0577335980782591;0,0216953107654176;0,0527113545362769;0,0172495647801404;0,0288935996026666;0,0037193380800829;0,1575039649250517;0,0054484604488022;0,0326985390221296;0,014908025619302;0,060016955029096;0,0292500212222412;0,0331880893274779;0,0216219391206444;0,3508771047549596;0,2183365185942339;0,0628599077896425;0,0528120607077882;0,0535677016826746;0,0167298788825699;0,1007398228886716;3,2899422881349456;0,8048861643298914;2,818268228585424;0,8146622160132667;0,7019776939997798;365;46309951,0;3441950;270671,0;135651,0;135020,0;65030,0;177768,0;27873,0;34,99062330293475;38,85999999999999;6965,285640761712;Waltham Forest;22908;1530;3316;5495;5965;3490;1647;806;340;265;54;0,06678889470927186;0,14475292474244805;0,2398725336127117;0,2603893836214423;0,15234852453291425;0,07189628077527502;0,035184215121354986;0,014841976602060415;0,011568011175135324;0,002357255107386066
E09000032;350,2868730478048;103,653028756016;8,808393781847034;3,496572689223532;0,5725751810772262;9,525601046500512;5,354923217809588;16,94183860030659;1,6121368871644204;0,2856995154381577;79,2755440362173;31,4691542028505;38,10240418600205;21,41969287123835;67,76735440122636;3,0502525410414507;1,9998966080543128;173,51274045829535;0,4568860120981811;0,1813650923830245;0,219594273511922;0,1234473780695468;0,3905612592034103;0,0175794153961541;0,0115259352297245;0,4953446840544765;1,7002298835577825;0,7322491541841917;1,5953439962580205;0,6870772612514564;0,0188233838078386;0,10801236659952;0,0129617760177941;0,0277963416345544;0,0230197489435211;0,2946294012322795;0,1417004456754853;0,0473037844116832;0,0209665290861804;0,057728991434256;0,0142160965808292;0,0275031569501051;0,0031644245763857;0,1466731128669487;0,005410010669373;0,0274908733230096;0,0225995561902353;0,069418949147424;0,0296875453549519;0,0271666506304989;0,0223759133398747;0,3623981360825904;0,2029083079574612;0,0564857906822451;0,0512240803373321;0,0645707089856245;0,015918469780216;0,0978454477017808;3,255561061056788;0,79647477848653;2,811598196599553;0,8127341443757364;0,2406833259735397;365;11880748,0;1377019;319477,0;154118,0;165359,0;61036,0;229044,0;29397,0;34,811995855617546;34,25;9327,795620437955;Wandsworth;19203;2160;3554;4487;4375;2479;1118;548;264;186;32;0,11248242462115295;0,1850752486590637;0,23366140707181168;0,2278289850544186;0,12909441233140656;0,058220069780763425;0,028537207727959174;0,013747851898140916;0,009685986564599281;0,0016664062906837473
E09000033;380,4701204601677;107,93397111956932;8,729807287488818;3,4892548677524906;0,5369336257773366;9,445943410336977;5,245879281257444;16,795838117155412;1,5794712354440748;0,2199727175940614;78,56826558785457;31,40329380741413;37,78377364134791;20,98351712502977;67,18335246862165;2,9970051389884365;1,5398090231460524;171,27194934507074;0,458733995194735;0,1833533974915194;0,220606899062163;0,1225157838470861;0,3922612706022499;0,0174985171269943;0,0089904332205836;0,4501587381892755;1,686546849168764;0,7263561920295294;1,5796773466243477;0,6803300025106843;0,0114842040255371;0,1252352984340025;0,015222947936854;0,0307230035843258;0,0245163213101723;0,3140860204808236;0,1333817346824808;0,0419301981295573;0,0189187652017547;0,0454707132709249;0,0122808518571963;0,0213080210845471;0,0024365046629438;0,1479292509928874;0,0059903791267659;0,0313052146445285;0,0177805705746974;0,0822180277007044;0,0344811264600511;0,0247767258442409;0,0230861825768743;0,3755509127346566;0,2045916308122143;0,0464658282834171;0,0469040014992685;0,0478587588328269;0,0132509004801345;0,1008159047756109;3,1714486967028312;0,7758966429484889;2,7595431372393087;0,7976868576828;0,3070072676648469;365;14078449,0;1485336;238047,0;123356,0;114691,0;42610,0;167188,0;28249,0;37,15795200098674;21,499999999999982;11071,9534883721;Westminster;16666;2185;3366;4083;3688;1931;758;333;170;101;51;0,13110524420976838;0,20196807872314892;0,2449897995919837;0,22128885155406217;0,11586463458538342;0,04548181927277091;0,019980799231969278;0,010200408016320653;0,0060602424096963875;0,0030601224048961958
